{"logTime": "1005/162659", "level": "INFO", "message": "UserPrefStore loaded: error=NONE (0)"}
{"logTime": "1005/162659", "level": "INFO", "message": "Preference changed: name=optimization_guide.previously_registered_optimization_types, new_value=[object], source=unknown"}
{"logTime": "1005/162659", "level": "INFO", "message": "Preference changed: name=extensions.chrome_url_overrides, new_value=[object], source=unknown"}
{"logTime": "1005/162659", "level": "INFO", "message": "Preference changed: name=sessions.event_log, new_value=[object], source=unknown"}
{"logTime": "1005/162659", "level": "INFO", "message": "Preference changed: name=optimization_guide.previously_registered_optimization_types, new_value=[object], source=unknown"}
{"logTime": "1005/162659", "level": "INFO", "message": "Preference changed: name=optimization_guide.previously_registered_optimization_types, new_value=[object], source=unknown"}
{"logTime": "1005/162659", "level": "INFO", "message": "Preference changed: name=optimization_guide.previously_registered_optimization_types, new_value=[object], source=unknown"}
{"logTime": "1005/162659", "level": "INFO", "message": "Preference changed: name=browser.edge_sidebar_visibility, new_value=[object], source=unknown"}
{"logTime": "1005/162659", "level": "INFO", "message": "Preference changed: name=browser.edge_sidebar_visibility, new_value=[object], source=unknown"}
{"logTime": "1005/162659", "level": "INFO", "message": "Preference changed: name=optimization_guide.previously_registered_optimization_types, new_value=[object], source=unknown"}
{"logTime": "1005/162659", "level": "INFO", "message": "Preference changed: name=optimization_guide.previously_registered_optimization_types, new_value=[object], source=unknown"}
{"logTime": "1005/162659", "level": "INFO", "message": "Preference changed: name=edge_pinning_campaign.precomputed_campaign_data, new_value=[object], source=unknown"}
{"logTime": "1005/162659", "level": "INFO", "message": "Preference changed: name=profile.network_pbs, new_value=[object], source=unknown"}
{"logTime": "1005/162659", "level": "INFO", "message": "Preference changed: name=extensions.settings, new_value=[object], source=unknown"}
{"logTime": "1005/162659", "level": "INFO", "message": "Preference changed: name=extensions.settings, new_value=[object], source=unknown"}
{"logTime": "1005/162659", "level": "INFO", "message": "Preference changed: name=extensions.settings, new_value=[object], source=unknown"}
{"logTime": "1005/162659", "level": "INFO", "message": "Preference changed: name=extensions.settings, new_value=[object], source=unknown"}
{"logTime": "1005/162659", "level": "INFO", "message": "Preference changed: name=extensions.settings, new_value=[object], source=unknown"}
{"logTime": "1005/162659", "level": "INFO", "message": "Preference changed: name=extensions.settings, new_value=[object], source=unknown"}
{"logTime": "1005/162659", "level": "INFO", "message": "Preference changed: name=extensions.settings, new_value=[object], source=unknown"}
{"logTime": "1005/162659", "level": "INFO", "message": "Preference changed: name=extensions.settings, new_value=[object], source=unknown"}
{"logTime": "1005/162659", "level": "INFO", "message": "Preference changed: name=extensions.settings, new_value=[object], source=unknown"}
{"logTime": "1005/162659", "level": "INFO", "message": "Preference changed: name=extensions.settings, new_value=[object], source=unknown"}
{"logTime": "1005/162659", "level": "INFO", "message": "Preference changed: name=extension.installed_extension_count, new_value=10, source=unknown"}
{"logTime": "1005/162659", "level": "INFO", "message": "Preference changed: name=profile.password_hash_data_list, new_value=[object], source=unknown"}
{"logTime": "1005/162659", "level": "INFO", "message": "Preference changed: name=edge.workspaces.state, new_value=\"{\\\"edgeWorkspacePrefsVersion\\\":2,\\\"enableFluid\\\":true,\\\"failedRestartSpaceId\\\":\\\"\\\",\\\"failedToConnectToFluid\\\":false,\\\"fluidMigrationStatus\\\":false,\\\"fluidStatus\\\":0,\\\"fre_shown\\\":false,\\\"fromCache\\\":false,\\\"isFluidPreferencesConnected\\\":false,\\\"isSpaceOpening\\\":false,\\\"openingSpaceId\\\":\\\"\\\",\\\"statusForScreenReaders\\\":\\\"\\\",\\\"workspacePopupMode\\\":9,\\\"workspacesForExternalLinks\\\":[]}\", source=unknown"}
{"logTime": "1005/162659", "level": "INFO", "message": "Preference changed: name=profile.edge_crash_exit_count, new_value=2, source=unknown"}
{"logTime": "1005/162659", "level": "INFO", "message": "Preference changed: name=optimization_guide.previously_registered_optimization_types, new_value=[object], source=unknown"}
{"logTime": "1005/162659", "level": "INFO", "message": "Preference changed: name=browser.show_toolbar_workspaces_button, new_value=false, source=unknown"}
{"logTime": "1005/162659", "level": "INFO", "message": "Preference changed: name=in_product_help.session_last_active_time, new_value=\"13435691219557177\", source=unknown"}
{"logTime": "1005/162659", "level": "INFO", "message": "Preference changed: name=edge_rewards.hva_promotions, new_value=[object], source=unknown"}
{"logTime": "1005/162659", "level": "INFO", "message": "Preference changed: name=optimization_guide.previously_registered_optimization_types, new_value=[object], source=unknown"}
{"logTime": "1005/162659", "level": "INFO", "message": "Preference changed: name=collections.prism_collections.policy.cached, new_value=0, source=unknown"}
{"logTime": "1005/162659", "level": "INFO", "message": "Preference changed: name=profile.content_settings.exceptions.storage_access_header_origin_trial, new_value=[object], source=unknown"}
{"logTime": "1005/162659", "level": "INFO", "message": "Preference changed: name=edge_rewards.cache_data, new_value=\"CAA=\", source=unknown"}
{"logTime": "1005/162659", "level": "INFO", "message": "Preference changed: name=schedule_to_flush_to_disk, new_value=\"13435691219729215\", source=unknown"}
{"logTime": "1005/162659", "level": "INFO", "message": "Preference changed: name=schedule_to_flush_to_disk, new_value=\"13435691219734154\", source=unknown"}
{"logTime": "1005/162659", "level": "INFO", "message": "Preference changed: name=account_info, new_value=[object], source=unknown"}
{"logTime": "1005/162659", "level": "INFO", "message": "Preference changed: name=safebrowsing.advanced_protection_last_refresh, new_value=\"13435691219736391\", source=unknown"}
{"logTime": "1005/162659", "level": "INFO", "message": "Preference changed: name=optimization_guide.previously_registered_optimization_types, new_value=[object], source=unknown"}
{"logTime": "1005/162659", "level": "INFO", "message": "Preference changed: name=extensions.settings, new_value=[object], source=unknown"}
{"logTime": "1005/162659", "level": "INFO", "message": "Preference changed: name=extensions.settings, new_value=[object], source=unknown"}
{"logTime": "1005/162659", "level": "INFO", "message": "Preference changed: name=extensions.chrome_url_overrides, new_value=[object], source=unknown"}
{"logTime": "1005/162659", "level": "INFO", "message": "Preference changed: name=sync.local_device_guids_with_timestamp, new_value=[object], source=unknown"}
{"logTime": "1005/162659", "level": "INFO", "message": "PrefStore write completed: store=4, success=true"}
{"logTime": "1005/162700", "level": "INFO", "message": "PrefStore write completed: store=4, success=true"}
{"logTime": "1005/162700", "level": "INFO", "message": "Preference changed: name=session_restore_prompt.ignored, new_value=true, source=unknown"}
{"logTime": "1005/162700", "level": "INFO", "message": "Preference changed: name=browser.underside_chat_bing_signed_in_status, new_value=true, source=unknown"}
{"logTime": "1005/162700", "level": "INFO", "message": "Preference changed: name=edge_rewards.hva_promotions, new_value=[object], source=unknown"}
{"logTime": "1005/162700", "level": "INFO", "message": "Preference changed: name=edge_rewards.hva_promotions, new_value=[object], source=unknown"}
{"logTime": "1005/162700", "level": "INFO", "message": "Preference changed: name=edge_rewards.cache_data, new_value=\"CAEQrQw6IAkAAAAAAAAAABEAAAAAAAAAABkAAAAAAAAAACIDdXNkSgJ1cw==\", source=unknown"}
{"logTime": "1005/162701", "level": "INFO", "message": "Preference changed: name=profile.content_settings.exceptions.site_engagement, new_value=[object], source=unknown"}
{"logTime": "1005/162701", "level": "INFO", "message": "Preference changed: name=profile.last_engagement_time, new_value=\"13435691221571287\", source=unknown"}
{"logTime": "1005/162704", "level": "INFO", "message": "Preference changed: name=language_dwell_time_average, new_value=[object], source=unknown"}
{"logTime": "1005/162704", "level": "INFO", "message": "Preference changed: name=language_usage_count, new_value=[object], source=unknown"}
{"logTime": "1005/162704", "level": "INFO", "message": "Preference changed: name=profile.content_settings.exceptions.app_banner, new_value=[object], source=unknown"}
{"logTime": "1005/162704", "level": "INFO", "message": "Preference changed: name=arbitration_last_notification_shown, new_value=\"13435691224233364\", source=unknown"}
{"logTime": "1005/162705", "level": "INFO", "message": "Preference changed: name=profile.content_settings.exceptions.site_engagement, new_value=[object], source=unknown"}
{"logTime": "1005/162705", "level": "INFO", "message": "Preference changed: name=profile.last_engagement_time, new_value=\"13435691225463508\", source=unknown"}
{"logTime": "1005/162708", "level": "INFO", "message": "Preference changed: name=profile.content_settings.exceptions.site_engagement, new_value=[object], source=unknown"}
{"logTime": "1005/162708", "level": "INFO", "message": "Preference changed: name=profile.last_engagement_time, new_value=\"13435691228778601\", source=unknown"}
{"logTime": "1005/162709", "level": "INFO", "message": "Preference changed: name=language_dwell_time_average, new_value=[object], source=unknown"}
{"logTime": "1005/162709", "level": "INFO", "message": "Preference changed: name=language_usage_count, new_value=[object], source=unknown"}
{"logTime": "1005/162709", "level": "INFO", "message": "Preference changed: name=browser.edge_sidebar_visibility, new_value=[object], source=unknown"}
{"logTime": "1005/162709", "level": "INFO", "message": "Preference changed: name=browser.edge_sidebar_visibility, new_value=[object], source=unknown"}
{"logTime": "1005/162709", "level": "INFO", "message": "Preference changed: name=sync.transport_data_per_account, new_value=[object], source=unknown"}
{"logTime": "1005/162709", "level": "INFO", "message": "Preference changed: name=sync.transport_data_per_account, new_value=[object], source=unknown"}
{"logTime": "1005/162709", "level": "INFO", "message": "Preference changed: name=sync.local_device_guids_with_timestamp, new_value=[object], source=unknown"}
{"logTime": "1005/162709", "level": "INFO", "message": "Preference changed: name=sync.local_device_guids_with_timestamp, new_value=[object], source=unknown"}
{"logTime": "1005/162709", "level": "INFO", "message": "PrefStore write completed: store=4, success=true"}
{"logTime": "1005/162709", "level": "INFO", "message": "PrefStore write completed: store=4, success=true"}
{"logTime": "1005/162710", "level": "INFO", "message": "Preference changed: name=sync.transport_data_per_account, new_value=[object], source=unknown"}
{"logTime": "1005/162710", "level": "INFO", "message": "Preference changed: name=sync.transport_data_per_account, new_value=[object], source=unknown"}
{"logTime": "1005/162710", "level": "INFO", "message": "Preference changed: name=sync.transport_data_per_account, new_value=[object], source=unknown"}
{"logTime": "1005/162710", "level": "INFO", "message": "Preference changed: name=edge.workspaces.state, new_value=\"{\\\"edgeWorkspacePrefsVersion\\\":2,\\\"enableFluid\\\":true,\\\"failedRestartSpaceId\\\":\\\"\\\",\\\"failedToConnectToFluid\\\":false,\\\"fluidMigrationStatus\\\":false,\\\"fluidStatus\\\":0,\\\"fre_shown\\\":false,\\\"fromCache\\\":false,\\\"isFluidPreferencesConnected\\\":false,\\\"isSpaceOpening\\\":false,\\\"openingSpaceId\\\":\\\"\\\",\\\"statusForScreenReaders\\\":\\\"\\\",\\\"workspacePopupMode\\\":0,\\\"workspacesForExternalLinks\\\":[]}\", source=unknown"}
{"logTime": "1005/162712", "level": "INFO", "message": "Preference changed: name=edge.workspaces.migration.last_state, new_value=2, source=unknown"}
{"logTime": "1005/162712", "level": "INFO", "message": "Preference changed: name=edge.workspaces.migration.stampede_time, new_value=\"13435691832152107\", source=unknown"}
{"logTime": "1005/162713", "level": "INFO", "message": "Preference changed: name=edge_copilot.msa_eligibility_info, new_value=[object], source=unknown"}
{"logTime": "1005/162713", "level": "INFO", "message": "Preference changed: name=personalization_data_consent.personalization_in_context_count, new_value=0, source=unknown"}
{"logTime": "1005/162713", "level": "INFO", "message": "Preference changed: name=personalization_data_consent.personalization_in_context_consent_can_prompt, new_value=true, source=unknown"}
{"logTime": "1005/162713", "level": "INFO", "message": "Preference changed: name=profile.content_settings.exceptions.site_engagement, new_value=[object], source=unknown"}
{"logTime": "1005/162713", "level": "INFO", "message": "Preference changed: name=profile.last_engagement_time, new_value=\"13435691233337267\", source=unknown"}
{"logTime": "1005/162713", "level": "INFO", "message": "Preference changed: name=language_dwell_time_average, new_value=[object], source=unknown"}
{"logTime": "1005/162713", "level": "INFO", "message": "Preference changed: name=language_usage_count, new_value=[object], source=unknown"}
{"logTime": "1005/162715", "level": "INFO", "message": "Preference changed: name=sync_profile_info.personalization_consent, new_value=false, source=unknown"}
{"logTime": "1005/162715", "level": "INFO", "message": "Preference changed: name=edge_sync_profile.interested_types, new_value=[object], source=unknown"}
{"logTime": "1005/162716", "level": "INFO", "message": "Preference changed: name=profile.content_settings.exceptions.site_engagement, new_value=[object], source=unknown"}
{"logTime": "1005/162716", "level": "INFO", "message": "Preference changed: name=profile.last_engagement_time, new_value=\"13435691236762178\", source=unknown"}
{"logTime": "1005/162716", "level": "INFO", "message": "Preference changed: name=language_dwell_time_average, new_value=[object], source=unknown"}
{"logTime": "1005/162716", "level": "INFO", "message": "Preference changed: name=language_usage_count, new_value=[object], source=unknown"}
{"logTime": "1005/162719", "level": "INFO", "message": "PrefStore write completed: store=4, success=true"}
{"logTime": "1005/162720", "level": "INFO", "message": "Preference changed: name=profile.content_settings.exceptions.site_engagement, new_value=[object], source=unknown"}
{"logTime": "1005/162720", "level": "INFO", "message": "Preference changed: name=profile.last_engagement_time, new_value=\"13435691240152512\", source=unknown"}
{"logTime": "1005/162720", "level": "INFO", "message": "Preference changed: name=language_dwell_time_average, new_value=[object], source=unknown"}
{"logTime": "1005/162720", "level": "INFO", "message": "Preference changed: name=language_usage_count, new_value=[object], source=unknown"}
{"logTime": "1005/162721", "level": "INFO", "message": "Preference changed: name=edge_pinning_campaign.precomputed_campaign_data, new_value=[object], source=unknown"}
{"logTime": "1005/162721", "level": "INFO", "message": "Preference changed: name=web_apps.last_preinstall_synchronize_version, new_value=\"154\", source=unknown"}
{"logTime": "1005/162721", "level": "INFO", "message": "Preference changed: name=web_apps.did_migrate_default_chrome_apps, new_value=[object], source=unknown"}
{"logTime": "1005/162721", "level": "INFO", "message": "Preference changed: name=web_apps.did_migrate_default_chrome_apps, new_value=[object], source=unknown"}
{"logTime": "1005/162723", "level": "INFO", "message": "Preference changed: name=profile.content_settings.exceptions.site_engagement, new_value=[object], source=unknown"}
{"logTime": "1005/162723", "level": "INFO", "message": "Preference changed: name=profile.last_engagement_time, new_value=\"13435691243591258\", source=unknown"}
{"logTime": "1005/162723", "level": "INFO", "message": "Preference changed: name=language_dwell_time_average, new_value=[object], source=unknown"}
{"logTime": "1005/162723", "level": "INFO", "message": "Preference changed: name=language_usage_count, new_value=[object], source=unknown"}
{"logTime": "1005/162727", "level": "INFO", "message": "Preference changed: name=profile.content_settings.exceptions.site_engagement, new_value=[object], source=unknown"}
{"logTime": "1005/162727", "level": "INFO", "message": "Preference changed: name=profile.last_engagement_time, new_value=\"13435691247070775\", source=unknown"}
{"logTime": "1005/162727", "level": "INFO", "message": "Preference changed: name=language_dwell_time_average, new_value=[object], source=unknown"}
{"logTime": "1005/162727", "level": "INFO", "message": "Preference changed: name=language_usage_count, new_value=[object], source=unknown"}
{"logTime": "1005/162729", "level": "INFO", "message": "Preference changed: name=pinned_sites.pin_metadata, new_value=[object], source=unknown"}
{"logTime": "1005/162730", "level": "INFO", "message": "PrefStore write completed: store=4, success=true"}
{"logTime": "1005/162730", "level": "INFO", "message": "Preference changed: name=profile.content_settings.exceptions.site_engagement, new_value=[object], source=unknown"}
{"logTime": "1005/162730", "level": "INFO", "message": "Preference changed: name=profile.last_engagement_time, new_value=\"13435691250639233\", source=unknown"}
{"logTime": "1005/162730", "level": "INFO", "message": "Preference changed: name=edge_triggering.config_version, new_value=\"1.42.2\", source=unknown"}
{"logTime": "1005/162731", "level": "INFO", "message": "Preference changed: name=language_dwell_time_average, new_value=[object], source=unknown"}
{"logTime": "1005/162731", "level": "INFO", "message": "Preference changed: name=language_usage_count, new_value=[object], source=unknown"}
{"logTime": "1005/162733", "level": "INFO", "message": "Preference changed: name=extensions.settings, new_value=[object], source=unknown"}
{"logTime": "1005/162733", "level": "INFO", "message": "Preference changed: name=extensions.settings, new_value=[object], source=unknown"}
{"logTime": "1005/162733", "level": "INFO", "message": "Preference changed: name=extensions.settings, new_value=[object], source=unknown"}
{"logTime": "1005/162733", "level": "INFO", "message": "Preference changed: name=extensions.settings, new_value=[object], source=unknown"}
{"logTime": "1005/162733", "level": "INFO", "message": "Preference changed: name=extensions.settings, new_value=[object], source=unknown"}
{"logTime": "1005/162733", "level": "INFO", "message": "Preference changed: name=extensions.settings, new_value=[object], source=unknown"}
{"logTime": "1005/162733", "level": "INFO", "message": "Preference changed: name=extensions.settings, new_value=[object], source=unknown"}
{"logTime": "1005/162733", "level": "INFO", "message": "Preference changed: name=extensions.settings, new_value=[object], source=unknown"}
{"logTime": "1005/162733", "level": "INFO", "message": "Preference changed: name=extensions.settings, new_value=[object], source=unknown"}
{"logTime": "1005/162733", "level": "INFO", "message": "Preference changed: name=extensions.settings, new_value=[object], source=unknown"}
{"logTime": "1005/162733", "level": "INFO", "message": "Preference changed: name=extensions.settings, new_value=[object], source=unknown"}
{"logTime": "1005/162733", "level": "INFO", "message": "Preference changed: name=extensions.settings, new_value=[object], source=unknown"}
{"logTime": "1005/162733", "level": "INFO", "message": "Preference changed: name=extensions.settings, new_value=[object], source=unknown"}
{"logTime": "1005/162733", "level": "INFO", "message": "Preference changed: name=extensions.settings, new_value=[object], source=unknown"}
{"logTime": "1005/162733", "level": "INFO", "message": "Preference changed: name=extensions.settings, new_value=[object], source=unknown"}
{"logTime": "1005/162733", "level": "INFO", "message": "Preference changed: name=extensions.settings, new_value=[object], source=unknown"}
{"logTime": "1005/162734", "level": "INFO", "message": "Preference changed: name=extensions.settings, new_value=[object], source=unknown"}
{"logTime": "1005/162734", "level": "INFO", "message": "Preference changed: name=https_upgrade_navigations, new_value=[object], source=unknown"}
{"logTime": "1005/162734", "level": "INFO", "message": "Preference changed: name=profile.content_settings.exceptions.site_engagement, new_value=[object], source=unknown"}
{"logTime": "1005/162734", "level": "INFO", "message": "Preference changed: name=profile.last_engagement_time, new_value=\"13435691254193068\", source=unknown"}
{"logTime": "1005/162734", "level": "INFO", "message": "Preference changed: name=extensions.microsoft_install_signature, new_value=[object], source=unknown"}
{"logTime": "1005/162737", "level": "INFO", "message": "Preference changed: name=extensions.settings, new_value=[object], source=unknown"}
{"logTime": "1005/162737", "level": "INFO", "message": "Preference changed: name=extensions.settings, new_value=[object], source=unknown"}
{"logTime": "1005/162737", "level": "INFO", "message": "Preference changed: name=extensions.settings, new_value=[object], source=unknown"}
{"logTime": "1005/162737", "level": "INFO", "message": "Preference changed: name=extensions.settings, new_value=[object], source=unknown"}
{"logTime": "1005/162737", "level": "INFO", "message": "Preference changed: name=extensions.settings, new_value=[object], source=unknown"}
{"logTime": "1005/162737", "level": "INFO", "message": "Preference changed: name=extensions.settings, new_value=[object], source=unknown"}
{"logTime": "1005/162737", "level": "INFO", "message": "Preference changed: name=extensions.settings, new_value=[object], source=unknown"}
{"logTime": "1005/162737", "level": "INFO", "message": "Preference changed: name=extensions.settings, new_value=[object], source=unknown"}
{"logTime": "1005/162737", "level": "INFO", "message": "Preference changed: name=extensions.settings, new_value=[object], source=unknown"}
{"logTime": "1005/162737", "level": "INFO", "message": "Preference changed: name=extensions.settings, new_value=[object], source=unknown"}
{"logTime": "1005/162737", "level": "INFO", "message": "Preference changed: name=extensions.settings, new_value=[object], source=unknown"}
{"logTime": "1005/162737", "level": "INFO", "message": "Preference changed: name=extensions.settings, new_value=[object], source=unknown"}
{"logTime": "1005/162737", "level": "INFO", "message": "Preference changed: name=extensions.settings, new_value=[object], source=unknown"}
{"logTime": "1005/162737", "level": "INFO", "message": "Preference changed: name=profile.content_settings.exceptions.site_engagement, new_value=[object], source=unknown"}
{"logTime": "1005/162737", "level": "INFO", "message": "Preference changed: name=profile.last_engagement_time, new_value=\"13435691257522375\", source=unknown"}
{"logTime": "1005/162737", "level": "INFO", "message": "Preference changed: name=extensions.install_signature, new_value=[object], source=unknown"}
{"logTime": "1005/162737", "level": "INFO", "message": "Preference changed: name=language_dwell_time_average, new_value=[object], source=unknown"}
{"logTime": "1005/162737", "level": "INFO", "message": "Preference changed: name=language_usage_count, new_value=[object], source=unknown"}
{"logTime": "1005/162740", "level": "INFO", "message": "PrefStore write completed: store=4, success=true"}
{"logTime": "1005/162741", "level": "INFO", "message": "Preference changed: name=profile.content_settings.exceptions.site_engagement, new_value=[object], source=unknown"}
{"logTime": "1005/162741", "level": "INFO", "message": "Preference changed: name=profile.last_engagement_time, new_value=\"13435691261103541\", source=unknown"}
{"logTime": "1005/162741", "level": "INFO", "message": "Preference changed: name=language_dwell_time_average, new_value=[object], source=unknown"}
{"logTime": "1005/162741", "level": "INFO", "message": "Preference changed: name=language_usage_count, new_value=[object], source=unknown"}
{"logTime": "1005/162744", "level": "INFO", "message": "PrefStore write completed: store=4, success=true"}
{"logTime": "1005/162744", "level": "INFO", "message": "Preference changed: name=profile.content_settings.exceptions.site_engagement, new_value=[object], source=unknown"}
{"logTime": "1005/162744", "level": "INFO", "message": "Preference changed: name=profile.last_engagement_time, new_value=\"13435691264495103\", source=unknown"}
{"logTime": "1005/162744", "level": "INFO", "message": "Preference changed: name=language_dwell_time_average, new_value=[object], source=unknown"}
{"logTime": "1005/162744", "level": "INFO", "message": "Preference changed: name=language_usage_count, new_value=[object], source=unknown"}
{"logTime": "1005/162747", "level": "INFO", "message": "Preference changed: name=profile.content_settings.exceptions.site_engagement, new_value=[object], source=unknown"}
{"logTime": "1005/162747", "level": "INFO", "message": "Preference changed: name=profile.last_engagement_time, new_value=\"13435691267827840\", source=unknown"}
{"logTime": "1005/162748", "level": "INFO", "message": "Preference changed: name=language_dwell_time_average, new_value=[object], source=unknown"}
{"logTime": "1005/162748", "level": "INFO", "message": "Preference changed: name=language_usage_count, new_value=[object], source=unknown"}
{"logTime": "1005/162751", "level": "INFO", "message": "Preference changed: name=profile.content_settings.exceptions.site_engagement, new_value=[object], source=unknown"}
{"logTime": "1005/162751", "level": "INFO", "message": "Preference changed: name=profile.last_engagement_time, new_value=\"13435691271151620\", source=unknown"}
{"logTime": "1005/162751", "level": "INFO", "message": "Preference changed: name=language_dwell_time_average, new_value=[object], source=unknown"}
{"logTime": "1005/162751", "level": "INFO", "message": "Preference changed: name=language_usage_count, new_value=[object], source=unknown"}
{"logTime": "1005/162751", "level": "INFO", "message": "PrefStore write completed: store=4, success=true"}
{"logTime": "1005/162754", "level": "INFO", "message": "Preference changed: name=profile.content_settings.exceptions.site_engagement, new_value=[object], source=unknown"}
{"logTime": "1005/162754", "level": "INFO", "message": "Preference changed: name=profile.last_engagement_time, new_value=\"13435691274523972\", source=unknown"}
{"logTime": "1005/162754", "level": "INFO", "message": "Preference changed: name=language_dwell_time_average, new_value=[object], source=unknown"}
{"logTime": "1005/162754", "level": "INFO", "message": "Preference changed: name=language_usage_count, new_value=[object], source=unknown"}
{"logTime": "1005/162757", "level": "INFO", "message": "Preference changed: name=profile.content_settings.exceptions.site_engagement, new_value=[object], source=unknown"}
{"logTime": "1005/162757", "level": "INFO", "message": "Preference changed: name=profile.last_engagement_time, new_value=\"13435691277923098\", source=unknown"}
{"logTime": "1005/162758", "level": "INFO", "message": "Preference changed: name=language_dwell_time_average, new_value=[object], source=unknown"}
{"logTime": "1005/162758", "level": "INFO", "message": "Preference changed: name=language_usage_count, new_value=[object], source=unknown"}
{"logTime": "1005/162759", "level": "INFO", "message": "Preference changed: name=profile.last_time_obsolete_http_credentials_removed, new_value=1791217679.312927, source=unknown"}
{"logTime": "1005/162759", "level": "INFO", "message": "Preference changed: name=profile.were_old_google_logins_removed, new_value=true, source=unknown"}
{"logTime": "1005/162759", "level": "INFO", "message": "Preference changed: name=password_manager.account_store_migrated_to_os_crypt_async, new_value=true, source=unknown"}
{"logTime": "1005/162759", "level": "INFO", "message": "Preference changed: name=password_manager.account_store_backup_password_cleaning_last_timestamp, new_value=\"13435691279313266\", source=unknown"}
{"logTime": "1005/162759", "level": "INFO", "message": "Preference changed: name=profile.last_time_obsolete_http_credentials_removed, new_value=1791217679.313388, source=unknown"}
{"logTime": "1005/162759", "level": "INFO", "message": "Preference changed: name=password_manager.profile_store_migrated_to_os_crypt_async, new_value=true, source=unknown"}
{"logTime": "1005/162759", "level": "INFO", "message": "Preference changed: name=password_manager.profile_store_backup_password_cleaning_last_timestamp, new_value=\"13435691279313651\", source=unknown"}
{"logTime": "1005/162801", "level": "INFO", "message": "Preference changed: name=profile.content_settings.exceptions.site_engagement, new_value=[object], source=unknown"}
{"logTime": "1005/162801", "level": "INFO", "message": "Preference changed: name=profile.last_engagement_time, new_value=\"13435691281305977\", source=unknown"}
{"logTime": "1005/162801", "level": "INFO", "message": "PrefStore write completed: store=4, success=true"}
{"logTime": "1005/162801", "level": "INFO", "message": "Preference changed: name=language_dwell_time_average, new_value=[object], source=unknown"}
{"logTime": "1005/162801", "level": "INFO", "message": "Preference changed: name=language_usage_count, new_value=[object], source=unknown"}
{"logTime": "1005/162806", "level": "INFO", "message": "Preference changed: name=profile.content_settings.exceptions.site_engagement, new_value=[object], source=unknown"}
{"logTime": "1005/162806", "level": "INFO", "message": "Preference changed: name=profile.last_engagement_time, new_value=\"13435691286910728\", source=unknown"}
{"logTime": "1005/162807", "level": "INFO", "message": "Preference changed: name=language_dwell_time_average, new_value=[object], source=unknown"}
{"logTime": "1005/162807", "level": "INFO", "message": "Preference changed: name=language_usage_count, new_value=[object], source=unknown"}
{"logTime": "1005/162810", "level": "INFO", "message": "Preference changed: name=https_upgrade_navigations, new_value=[object], source=unknown"}
{"logTime": "1005/162811", "level": "INFO", "message": "PrefStore write completed: store=4, success=true"}
{"logTime": "1005/162814", "level": "INFO", "message": "Preference changed: name=profile.content_settings.exceptions.site_engagement, new_value=[object], source=unknown"}
{"logTime": "1005/162814", "level": "INFO", "message": "Preference changed: name=profile.last_engagement_time, new_value=\"13435691294388033\", source=unknown"}
{"logTime": "1005/162814", "level": "INFO", "message": "Preference changed: name=in_product_help.session_last_active_time, new_value=\"13435691293640116\", source=unknown"}
{"logTime": "1005/162817", "level": "INFO", "message": "Preference changed: name=language_dwell_time_average, new_value=[object], source=unknown"}
{"logTime": "1005/162817", "level": "INFO", "message": "Preference changed: name=language_usage_count, new_value=[object], source=unknown"}
{"logTime": "1005/162818", "level": "INFO", "message": "Preference changed: name=profile.content_settings.exceptions.site_engagement, new_value=[object], source=unknown"}
{"logTime": "1005/162818", "level": "INFO", "message": "Preference changed: name=profile.last_engagement_time, new_value=\"13435691298305298\", source=unknown"}
{"logTime": "1005/162821", "level": "INFO", "message": "Preference changed: name=profile.content_settings.exceptions.site_engagement, new_value=[object], source=unknown"}
{"logTime": "1005/162821", "level": "INFO", "message": "Preference changed: name=profile.last_engagement_time, new_value=\"13435691301697121\", source=unknown"}
{"logTime": "1005/162821", "level": "INFO", "message": "Preference changed: name=language_dwell_time_average, new_value=[object], source=unknown"}
{"logTime": "1005/162821", "level": "INFO", "message": "Preference changed: name=language_usage_count, new_value=[object], source=unknown"}
{"logTime": "1005/162824", "level": "INFO", "message": "Preference changed: name=arbitration_using_experiment_config, new_value=false, source=unknown"}
{"logTime": "1005/162824", "level": "INFO", "message": "Preference changed: name=profile.content_settings.exceptions.site_engagement, new_value=[object], source=unknown"}
{"logTime": "1005/162824", "level": "INFO", "message": "Preference changed: name=profile.last_engagement_time, new_value=\"13435691304963070\", source=unknown"}
{"logTime": "1005/162825", "level": "INFO", "message": "Preference changed: name=language_dwell_time_average, new_value=[object], source=unknown"}
{"logTime": "1005/162825", "level": "INFO", "message": "Preference changed: name=language_usage_count, new_value=[object], source=unknown"}
{"logTime": "1005/162827", "level": "INFO", "message": "PrefStore write completed: store=4, success=true"}
{"logTime": "1005/162827", "level": "INFO", "message": "Preference changed: name=browser.edge_sidebar_visibility, new_value=[object], source=unknown"}
{"logTime": "1005/162827", "level": "INFO", "message": "Preference changed: name=browser.edge_sidebar_visibility_debug, new_value=[object], source=unknown"}
{"logTime": "1005/162827", "level": "INFO", "message": "Preference changed: name=browser.edge_sidebar_visibility, new_value=[object], source=unknown"}
{"logTime": "1005/162827", "level": "INFO", "message": "Preference changed: name=extensions.settings, new_value=[object], source=unknown"}
{"logTime": "1005/162827", "level": "INFO", "message": "Preference changed: name=extensions.settings, new_value=[object], source=unknown"}
{"logTime": "1005/162827", "level": "INFO", "message": "Preference changed: name=extensions.settings, new_value=[object], source=unknown"}
{"logTime": "1005/162827", "level": "INFO", "message": "Preference changed: name=extensions.settings, new_value=[object], source=unknown"}
{"logTime": "1005/162827", "level": "INFO", "message": "Preference changed: name=extensions.settings, new_value=[object], source=unknown"}
{"logTime": "1005/162827", "level": "INFO", "message": "Preference changed: name=extensions.settings, new_value=[object], source=unknown"}
{"logTime": "1005/162827", "level": "INFO", "message": "Preference changed: name=extensions.settings, new_value=[object], source=unknown"}
{"logTime": "1005/162827", "level": "INFO", "message": "Preference changed: name=extensions.settings, new_value=[object], source=unknown"}
{"logTime": "1005/162827", "level": "INFO", "message": "Preference changed: name=extensions.settings, new_value=[object], source=unknown"}
{"logTime": "1005/162827", "level": "INFO", "message": "Preference changed: name=extensions.settings, new_value=[object], source=unknown"}
{"logTime": "1005/162827", "level": "INFO", "message": "Preference changed: name=extensions.settings, new_value=[object], source=unknown"}
{"logTime": "1005/162827", "level": "INFO", "message": "Preference changed: name=extensions.settings, new_value=[object], source=unknown"}
{"logTime": "1005/162827", "level": "INFO", "message": "Preference changed: name=extensions.settings, new_value=[object], source=unknown"}
{"logTime": "1005/162827", "level": "INFO", "message": "Preference changed: name=extensions.settings, new_value=[object], source=unknown"}
{"logTime": "1005/162827", "level": "INFO", "message": "Preference changed: name=extensions.settings, new_value=[object], source=unknown"}
{"logTime": "1005/162827", "level": "INFO", "message": "Preference changed: name=extensions.settings, new_value=[object], source=unknown"}
{"logTime": "1005/162827", "level": "INFO", "message": "Preference changed: name=extensions.settings, new_value=[object], source=unknown"}
{"logTime": "1005/162827", "level": "INFO", "message": "Preference changed: name=extensions.settings, new_value=[object], source=unknown"}
{"logTime": "1005/162827", "level": "INFO", "message": "Preference changed: name=extensions.settings, new_value=[object], source=unknown"}
{"logTime": "1005/162827", "level": "INFO", "message": "Preference changed: name=extensions.settings, new_value=[object], source=unknown"}
{"logTime": "1005/162827", "level": "INFO", "message": "Preference changed: name=extensions.settings, new_value=[object], source=unknown"}
{"logTime": "1005/162827", "level": "INFO", "message": "Preference changed: name=extensions.settings, new_value=[object], source=unknown"}
{"logTime": "1005/162827", "level": "INFO", "message": "Preference changed: name=extensions.settings, new_value=[object], source=unknown"}
{"logTime": "1005/162827", "level": "INFO", "message": "Preference changed: name=extensions.settings, new_value=[object], source=unknown"}
{"logTime": "1005/162827", "level": "INFO", "message": "Preference changed: name=extensions.settings, new_value=[object], source=unknown"}
{"logTime": "1005/162827", "level": "INFO", "message": "Preference changed: name=extensions.settings, new_value=[object], source=unknown"}
{"logTime": "1005/162827", "level": "INFO", "message": "Preference changed: name=extensions.settings, new_value=[object], source=unknown"}
{"logTime": "1005/162827", "level": "INFO", "message": "Preference changed: name=extensions.settings, new_value=[object], source=unknown"}
{"logTime": "1005/162827", "level": "INFO", "message": "Preference changed: name=extensions.settings, new_value=[object], source=unknown"}
{"logTime": "1005/162827", "level": "INFO", "message": "Preference changed: name=extensions.settings, new_value=[object], source=unknown"}
{"logTime": "1005/162827", "level": "INFO", "message": "Preference changed: name=extensions.settings, new_value=[object], source=unknown"}
{"logTime": "1005/162827", "level": "INFO", "message": "Preference changed: name=extensions.settings, new_value=[object], source=unknown"}
{"logTime": "1005/162827", "level": "INFO", "message": "Preference changed: name=extensions.settings, new_value=[object], source=unknown"}
{"logTime": "1005/162827", "level": "INFO", "message": "Preference changed: name=extensions.settings, new_value=[object], source=unknown"}
{"logTime": "1005/162827", "level": "INFO", "message": "Preference changed: name=extensions.settings, new_value=[object], source=unknown"}
{"logTime": "1005/162827", "level": "INFO", "message": "Preference changed: name=extensions.settings, new_value=[object], source=unknown"}
{"logTime": "1005/162827", "level": "INFO", "message": "Preference changed: name=extensions.settings, new_value=[object], source=unknown"}
{"logTime": "1005/162827", "level": "INFO", "message": "Preference changed: name=extensions.settings, new_value=[object], source=unknown"}
{"logTime": "1005/162827", "level": "INFO", "message": "Preference changed: name=extensions.settings, new_value=[object], source=unknown"}
{"logTime": "1005/162827", "level": "INFO", "message": "Preference changed: name=extensions.settings, new_value=[object], source=unknown"}
{"logTime": "1005/162827", "level": "INFO", "message": "Preference changed: name=extensions.settings, new_value=[object], source=unknown"}
{"logTime": "1005/162827", "level": "INFO", "message": "Preference changed: name=extensions.settings, new_value=[object], source=unknown"}
{"logTime": "1005/162827", "level": "INFO", "message": "Preference changed: name=extensions.settings, new_value=[object], source=unknown"}
{"logTime": "1005/162827", "level": "INFO", "message": "Preference changed: name=extensions.settings, new_value=[object], source=unknown"}
{"logTime": "1005/162827", "level": "INFO", "message": "Preference changed: name=extensions.settings, new_value=[object], source=unknown"}
{"logTime": "1005/162827", "level": "INFO", "message": "Preference changed: name=extensions.settings, new_value=[object], source=unknown"}
{"logTime": "1005/162827", "level": "INFO", "message": "Preference changed: name=extensions.settings, new_value=[object], source=unknown"}
{"logTime": "1005/162827", "level": "INFO", "message": "Preference changed: name=extensions.settings, new_value=[object], source=unknown"}
{"logTime": "1005/162827", "level": "INFO", "message": "Preference changed: name=extensions.settings, new_value=[object], source=unknown"}
{"logTime": "1005/162827", "level": "INFO", "message": "Preference changed: name=extensions.settings, new_value=[object], source=unknown"}
{"logTime": "1005/162827", "level": "INFO", "message": "Preference changed: name=extensions.settings, new_value=[object], source=unknown"}
{"logTime": "1005/162827", "level": "INFO", "message": "Preference changed: name=extensions.settings, new_value=[object], source=unknown"}
{"logTime": "1005/162827", "level": "INFO", "message": "Preference changed: name=extensions.settings, new_value=[object], source=unknown"}
{"logTime": "1005/162827", "level": "INFO", "message": "Preference changed: name=extensions.settings, new_value=[object], source=unknown"}
{"logTime": "1005/162827", "level": "INFO", "message": "Preference changed: name=extensions.settings, new_value=[object], source=unknown"}
{"logTime": "1005/162827", "level": "INFO", "message": "Preference changed: name=extensions.settings, new_value=[object], source=unknown"}
{"logTime": "1005/162827", "level": "INFO", "message": "Preference changed: name=extensions.settings, new_value=[object], source=unknown"}
{"logTime": "1005/162827", "level": "INFO", "message": "Preference changed: name=extensions.settings, new_value=[object], source=unknown"}
{"logTime": "1005/162827", "level": "INFO", "message": "Preference changed: name=extensions.settings, new_value=[object], source=unknown"}
{"logTime": "1005/162827", "level": "INFO", "message": "Preference changed: name=extensions.settings, new_value=[object], source=unknown"}
{"logTime": "1005/162827", "level": "INFO", "message": "Preference changed: name=extensions.settings, new_value=[object], source=unknown"}
{"logTime": "1005/162827", "level": "INFO", "message": "Preference changed: name=extensions.settings, new_value=[object], source=unknown"}
{"logTime": "1005/162827", "level": "INFO", "message": "Preference changed: name=extensions.settings, new_value=[object], source=unknown"}
{"logTime": "1005/162827", "level": "INFO", "message": "Preference changed: name=extensions.settings, new_value=[object], source=unknown"}
{"logTime": "1005/162827", "level": "INFO", "message": "Preference changed: name=extensions.settings, new_value=[object], source=unknown"}
{"logTime": "1005/162827", "level": "INFO", "message": "Preference changed: name=extensions.settings, new_value=[object], source=unknown"}
{"logTime": "1005/162827", "level": "INFO", "message": "Preference changed: name=extensions.settings, new_value=[object], source=unknown"}
{"logTime": "1005/162827", "level": "INFO", "message": "Preference changed: name=extensions.settings, new_value=[object], source=unknown"}
{"logTime": "1005/162827", "level": "INFO", "message": "Preference changed: name=extensions.settings, new_value=[object], source=unknown"}
{"logTime": "1005/162827", "level": "INFO", "message": "Preference changed: name=extensions.settings, new_value=[object], source=unknown"}
{"logTime": "1005/162827", "level": "INFO", "message": "Preference changed: name=extensions.settings, new_value=[object], source=unknown"}
{"logTime": "1005/162827", "level": "INFO", "message": "Preference changed: name=extensions.settings, new_value=[object], source=unknown"}
{"logTime": "1005/162827", "level": "INFO", "message": "Preference changed: name=extensions.settings, new_value=[object], source=unknown"}
{"logTime": "1005/162827", "level": "INFO", "message": "Preference changed: name=extensions.settings, new_value=[object], source=unknown"}
{"logTime": "1005/162827", "level": "INFO", "message": "Preference changed: name=extensions.settings, new_value=[object], source=unknown"}
{"logTime": "1005/162827", "level": "INFO", "message": "Preference changed: name=extensions.settings, new_value=[object], source=unknown"}
{"logTime": "1005/162827", "level": "INFO", "message": "Preference changed: name=extensions.settings, new_value=[object], source=unknown"}
{"logTime": "1005/162827", "level": "INFO", "message": "Preference changed: name=extensions.settings, new_value=[object], source=unknown"}
{"logTime": "1005/162827", "level": "INFO", "message": "Preference changed: name=extensions.settings, new_value=[object], source=unknown"}
{"logTime": "1005/162827", "level": "INFO", "message": "Preference changed: name=extensions.settings, new_value=[object], source=unknown"}
{"logTime": "1005/162827", "level": "INFO", "message": "Preference changed: name=extensions.settings, new_value=[object], source=unknown"}
{"logTime": "1005/162827", "level": "INFO", "message": "Preference changed: name=extensions.settings, new_value=[object], source=unknown"}
{"logTime": "1005/162827", "level": "INFO", "message": "Preference changed: name=extensions.settings, new_value=[object], source=unknown"}
{"logTime": "1005/162827", "level": "INFO", "message": "Preference changed: name=extensions.settings, new_value=[object], source=unknown"}
{"logTime": "1005/162827", "level": "INFO", "message": "Preference changed: name=extensions.settings, new_value=[object], source=unknown"}
{"logTime": "1005/162827", "level": "INFO", "message": "Preference changed: name=extensions.settings, new_value=[object], source=unknown"}
{"logTime": "1005/162827", "level": "INFO", "message": "Preference changed: name=extensions.settings, new_value=[object], source=unknown"}
{"logTime": "1005/162827", "level": "INFO", "message": "Preference changed: name=extensions.settings, new_value=[object], source=unknown"}
{"logTime": "1005/162827", "level": "INFO", "message": "Preference changed: name=extensions.settings, new_value=[object], source=unknown"}
{"logTime": "1005/162827", "level": "INFO", "message": "Preference changed: name=extensions.settings, new_value=[object], source=unknown"}
{"logTime": "1005/162827", "level": "INFO", "message": "Preference changed: name=extensions.settings, new_value=[object], source=unknown"}
{"logTime": "1005/162827", "level": "INFO", "message": "Preference changed: name=extensions.settings, new_value=[object], source=unknown"}
{"logTime": "1005/162827", "level": "INFO", "message": "Preference changed: name=extensions.settings, new_value=[object], source=unknown"}
{"logTime": "1005/162827", "level": "INFO", "message": "Preference changed: name=extensions.settings, new_value=[object], source=unknown"}
{"logTime": "1005/162827", "level": "INFO", "message": "Preference changed: name=extensions.settings, new_value=[object], source=unknown"}
{"logTime": "1005/162827", "level": "INFO", "message": "Preference changed: name=extensions.settings, new_value=[object], source=unknown"}
{"logTime": "1005/162827", "level": "INFO", "message": "Preference changed: name=extensions.settings, new_value=[object], source=unknown"}
{"logTime": "1005/162827", "level": "INFO", "message": "Preference changed: name=extensions.settings, new_value=[object], source=unknown"}
{"logTime": "1005/162827", "level": "INFO", "message": "Preference changed: name=extensions.settings, new_value=[object], source=unknown"}
{"logTime": "1005/162827", "level": "INFO", "message": "Preference changed: name=extensions.settings, new_value=[object], source=unknown"}
{"logTime": "1005/162827", "level": "INFO", "message": "Preference changed: name=extensions.settings, new_value=[object], source=unknown"}
{"logTime": "1005/162827", "level": "INFO", "message": "Preference changed: name=extensions.settings, new_value=[object], source=unknown"}
{"logTime": "1005/162827", "level": "INFO", "message": "Preference changed: name=extensions.settings, new_value=[object], source=unknown"}
{"logTime": "1005/162827", "level": "INFO", "message": "Preference changed: name=extensions.settings, new_value=[object], source=unknown"}
{"logTime": "1005/162827", "level": "INFO", "message": "Preference changed: name=extensions.settings, new_value=[object], source=unknown"}
{"logTime": "1005/162827", "level": "INFO", "message": "Preference changed: name=extensions.settings, new_value=[object], source=unknown"}
{"logTime": "1005/162827", "level": "INFO", "message": "Preference changed: name=extensions.settings, new_value=[object], source=unknown"}
{"logTime": "1005/162827", "level": "INFO", "message": "Preference changed: name=extensions.settings, new_value=[object], source=unknown"}
{"logTime": "1005/162827", "level": "INFO", "message": "Preference changed: name=extensions.settings, new_value=[object], source=unknown"}
{"logTime": "1005/162827", "level": "INFO", "message": "Preference changed: name=extensions.settings, new_value=[object], source=unknown"}
{"logTime": "1005/162827", "level": "INFO", "message": "Preference changed: name=extensions.settings, new_value=[object], source=unknown"}
{"logTime": "1005/162827", "level": "INFO", "message": "Preference changed: name=extensions.settings, new_value=[object], source=unknown"}
{"logTime": "1005/162827", "level": "INFO", "message": "Preference changed: name=extensions.settings, new_value=[object], source=unknown"}
{"logTime": "1005/162827", "level": "INFO", "message": "Preference changed: name=extensions.settings, new_value=[object], source=unknown"}
{"logTime": "1005/162827", "level": "INFO", "message": "Preference changed: name=extensions.settings, new_value=[object], source=unknown"}
{"logTime": "1005/162827", "level": "INFO", "message": "Preference changed: name=extensions.settings, new_value=[object], source=unknown"}
{"logTime": "1005/162827", "level": "INFO", "message": "Preference changed: name=extensions.settings, new_value=[object], source=unknown"}
{"logTime": "1005/162827", "level": "INFO", "message": "Preference changed: name=extensions.settings, new_value=[object], source=unknown"}
{"logTime": "1005/162827", "level": "INFO", "message": "Preference changed: name=extensions.settings, new_value=[object], source=unknown"}
{"logTime": "1005/162827", "level": "INFO", "message": "Preference changed: name=extensions.settings, new_value=[object], source=unknown"}
{"logTime": "1005/162827", "level": "INFO", "message": "Preference changed: name=browser.show_hub_app_in_sidebar_buttons, new_value=[object], source=unknown"}
{"logTime": "1005/162827", "level": "INFO", "message": "Preference changed: name=browser.edge_sidebar_visibility_debug, new_value=[object], source=unknown"}
{"logTime": "1005/162827", "level": "INFO", "message": "Preference changed: name=browser.hub_app_non_synced_preferences, new_value=[object], source=unknown"}
{"logTime": "1005/162827", "level": "INFO", "message": "Preference changed: name=browser.hub_app_non_synced_preferences, new_value=[object], source=unknown"}
{"logTime": "1005/162827", "level": "INFO", "message": "Preference changed: name=browser.hub_app_non_synced_preferences, new_value=[object], source=unknown"}
{"logTime": "1005/162827", "level": "INFO", "message": "Preference changed: name=browser.hub_app_non_synced_preferences, new_value=[object], source=unknown"}
{"logTime": "1005/162827", "level": "INFO", "message": "Preference changed: name=browser.hub_app_non_synced_preferences, new_value=[object], source=unknown"}
{"logTime": "1005/162827", "level": "INFO", "message": "Preference changed: name=browser.hub_app_non_synced_preferences, new_value=[object], source=unknown"}
{"logTime": "1005/162827", "level": "INFO", "message": "Preference changed: name=browser.hub_app_non_synced_preferences, new_value=[object], source=unknown"}
{"logTime": "1005/162827", "level": "INFO", "message": "Preference changed: name=browser.hub_app_non_synced_preferences, new_value=[object], source=unknown"}
{"logTime": "1005/162827", "level": "INFO", "message": "Preference changed: name=browser.hub_app_non_synced_preferences, new_value=[object], source=unknown"}
{"logTime": "1005/162827", "level": "INFO", "message": "Preference changed: name=browser.hub_app_non_synced_preferences, new_value=[object], source=unknown"}
{"logTime": "1005/162827", "level": "INFO", "message": "Preference changed: name=browser.hub_app_non_synced_preferences, new_value=[object], source=unknown"}
{"logTime": "1005/162827", "level": "INFO", "message": "Preference changed: name=browser.hub_app_non_synced_preferences, new_value=[object], source=unknown"}
{"logTime": "1005/162827", "level": "INFO", "message": "Preference changed: name=browser.hub_app_non_synced_preferences, new_value=[object], source=unknown"}
{"logTime": "1005/162827", "level": "INFO", "message": "Preference changed: name=browser.hub_app_non_synced_preferences, new_value=[object], source=unknown"}
{"logTime": "1005/162827", "level": "INFO", "message": "Preference changed: name=browser.hub_app_non_synced_preferences, new_value=[object], source=unknown"}
{"logTime": "1005/162827", "level": "INFO", "message": "Preference changed: name=browser.hub_app_non_synced_preferences, new_value=[object], source=unknown"}
{"logTime": "1005/162827", "level": "INFO", "message": "Preference changed: name=browser.hub_app_non_synced_preferences, new_value=[object], source=unknown"}
{"logTime": "1005/162827", "level": "INFO", "message": "Preference changed: name=browser.hub_app_non_synced_preferences, new_value=[object], source=unknown"}
{"logTime": "1005/162827", "level": "INFO", "message": "Preference changed: name=browser.hub_app_non_synced_preferences, new_value=[object], source=unknown"}
{"logTime": "1005/162827", "level": "INFO", "message": "Preference changed: name=browser.hub_app_non_synced_preferences, new_value=[object], source=unknown"}
{"logTime": "1005/162827", "level": "INFO", "message": "Preference changed: name=browser.hub_app_non_synced_preferences, new_value=[object], source=unknown"}
{"logTime": "1005/162827", "level": "INFO", "message": "Preference changed: name=browser.hub_app_non_synced_preferences, new_value=[object], source=unknown"}
{"logTime": "1005/162827", "level": "INFO", "message": "Preference changed: name=browser.hub_app_non_synced_preferences, new_value=[object], source=unknown"}
{"logTime": "1005/162827", "level": "INFO", "message": "Preference changed: name=browser.hub_app_non_synced_preferences, new_value=[object], source=unknown"}
{"logTime": "1005/162827", "level": "INFO", "message": "Preference changed: name=browser.hub_app_non_synced_preferences, new_value=[object], source=unknown"}
{"logTime": "1005/162827", "level": "INFO", "message": "Preference changed: name=browser.hub_app_non_synced_preferences, new_value=[object], source=unknown"}
{"logTime": "1005/162827", "level": "INFO", "message": "Preference changed: name=browser.hub_cleanup_candidate_list_for_debug, new_value=[object], source=unknown"}
{"logTime": "1005/162827", "level": "INFO", "message": "Preference changed: name=browser.hub_cleanup_context_v2, new_value=[object], source=unknown"}
{"logTime": "1005/162827", "level": "INFO", "message": "Preference changed: name=browser.hub_cleanup_candidate_list_for_debug, new_value=[object], source=unknown"}
{"logTime": "1005/162827", "level": "INFO", "message": "Preference changed: name=browser.hub_cleanup_context_v2, new_value=[object], source=unknown"}
{"logTime": "1005/162828", "level": "INFO", "message": "Preference changed: name=profile.content_settings.exceptions.site_engagement, new_value=[object], source=unknown"}
{"logTime": "1005/162828", "level": "INFO", "message": "Preference changed: name=profile.last_engagement_time, new_value=\"13435691308256529\", source=unknown"}
{"logTime": "1005/162828", "level": "INFO", "message": "Preference changed: name=language_dwell_time_average, new_value=[object], source=unknown"}
{"logTime": "1005/162828", "level": "INFO", "message": "Preference changed: name=language_usage_count, new_value=[object], source=unknown"}
{"logTime": "1005/162829", "level": "INFO", "message": "Preference changed: name=in_product_help.session_last_active_time, new_value=\"13435691309650929\", source=unknown"}
{"logTime": "1005/162831", "level": "INFO", "message": "Preference changed: name=profile.content_settings.exceptions.site_engagement, new_value=[object], source=unknown"}
{"logTime": "1005/162831", "level": "INFO", "message": "Preference changed: name=profile.last_engagement_time, new_value=\"13435691311777315\", source=unknown"}
{"logTime": "1005/162832", "level": "INFO", "message": "Preference changed: name=language_dwell_time_average, new_value=[object], source=unknown"}
{"logTime": "1005/162832", "level": "INFO", "message": "Preference changed: name=language_usage_count, new_value=[object], source=unknown"}
{"logTime": "1005/162835", "level": "INFO", "message": "Preference changed: name=profile.content_settings.exceptions.site_engagement, new_value=[object], source=unknown"}
{"logTime": "1005/162835", "level": "INFO", "message": "Preference changed: name=profile.last_engagement_time, new_value=\"13435691315161995\", source=unknown"}
{"logTime": "1005/162835", "level": "INFO", "message": "Preference changed: name=language_dwell_time_average, new_value=[object], source=unknown"}
{"logTime": "1005/162835", "level": "INFO", "message": "Preference changed: name=language_usage_count, new_value=[object], source=unknown"}
{"logTime": "1005/162837", "level": "INFO", "message": "PrefStore write completed: store=4, success=true"}
{"logTime": "1005/162837", "level": "INFO", "message": "PrefStore write completed: store=4, success=true"}
{"logTime": "1005/162838", "level": "INFO", "message": "Preference changed: name=profile.content_settings.exceptions.site_engagement, new_value=[object], source=unknown"}
{"logTime": "1005/162838", "level": "INFO", "message": "Preference changed: name=profile.last_engagement_time, new_value=\"13435691318599972\", source=unknown"}
{"logTime": "1005/162839", "level": "INFO", "message": "Preference changed: name=language_dwell_time_average, new_value=[object], source=unknown"}
{"logTime": "1005/162839", "level": "INFO", "message": "Preference changed: name=language_usage_count, new_value=[object], source=unknown"}
{"logTime": "1005/162839", "level": "INFO", "message": "Preference changed: name=profile.content_settings.exceptions.trackers_data, new_value=[object], source=unknown"}
{"logTime": "1005/162839", "level": "INFO", "message": "Preference changed: name=profile.content_settings.exceptions.trackers_data, new_value=[object], source=unknown"}
{"logTime": "1005/162840", "level": "INFO", "message": "Preference changed: name=profile.content_settings.exceptions.trackers_data, new_value=[object], source=unknown"}
{"logTime": "1005/162842", "level": "INFO", "message": "Preference changed: name=profile.content_settings.exceptions.site_engagement, new_value=[object], source=unknown"}
{"logTime": "1005/162842", "level": "INFO", "message": "Preference changed: name=profile.last_engagement_time, new_value=\"13435691322526800\", source=unknown"}
{"logTime": "1005/162843", "level": "INFO", "message": "Preference changed: name=language_dwell_time_average, new_value=[object], source=unknown"}
{"logTime": "1005/162843", "level": "INFO", "message": "Preference changed: name=language_usage_count, new_value=[object], source=unknown"}
{"logTime": "1005/162843", "level": "INFO", "message": "Preference changed: name=profile.content_settings.exceptions.trackers_data, new_value=[object], source=unknown"}
{"logTime": "1005/162843", "level": "INFO", "message": "Preference changed: name=profile.content_settings.exceptions.trackers_data, new_value=[object], source=unknown"}
{"logTime": "1005/162843", "level": "INFO", "message": "Preference changed: name=profile.content_settings.exceptions.trackers_data, new_value=[object], source=unknown"}
{"logTime": "1005/162846", "level": "INFO", "message": "Preference changed: name=profile.content_settings.exceptions.site_engagement, new_value=[object], source=unknown"}
{"logTime": "1005/162846", "level": "INFO", "message": "Preference changed: name=profile.last_engagement_time, new_value=\"13435691326263766\", source=unknown"}
{"logTime": "1005/162846", "level": "INFO", "message": "Preference changed: name=language_dwell_time_average, new_value=[object], source=unknown"}
{"logTime": "1005/162846", "level": "INFO", "message": "Preference changed: name=language_usage_count, new_value=[object], source=unknown"}
{"logTime": "1005/162849", "level": "INFO", "message": "PrefStore write completed: store=4, success=true"}
{"logTime": "1005/162849", "level": "INFO", "message": "Preference changed: name=https_upgrade_navigations, new_value=[object], source=unknown"}
{"logTime": "1005/162850", "level": "INFO", "message": "Preference changed: name=profile.content_settings.exceptions.site_engagement, new_value=[object], source=unknown"}
{"logTime": "1005/162850", "level": "INFO", "message": "Preference changed: name=profile.last_engagement_time, new_value=\"13435691330139270\", source=unknown"}
{"logTime": "1005/162850", "level": "INFO", "message": "Preference changed: name=language_dwell_time_average, new_value=[object], source=unknown"}
{"logTime": "1005/162850", "level": "INFO", "message": "Preference changed: name=language_usage_count, new_value=[object], source=unknown"}
{"logTime": "1005/162932", "level": "INFO", "message": "UserPrefStore loaded: error=NONE (0)"}
{"logTime": "1005/162932", "level": "INFO", "message": "Preference changed: name=optimization_guide.previously_registered_optimization_types, new_value=[object], source=unknown"}
{"logTime": "1005/162932", "level": "INFO", "message": "Preference changed: name=extensions.chrome_url_overrides, new_value=[object], source=unknown"}
{"logTime": "1005/162932", "level": "INFO", "message": "Preference changed: name=sessions.event_log, new_value=[object], source=unknown"}
{"logTime": "1005/162932", "level": "INFO", "message": "Preference changed: name=optimization_guide.previously_registered_optimization_types, new_value=[object], source=unknown"}
{"logTime": "1005/162932", "level": "INFO", "message": "Preference changed: name=optimization_guide.previously_registered_optimization_types, new_value=[object], source=unknown"}
{"logTime": "1005/162932", "level": "INFO", "message": "Preference changed: name=optimization_guide.previously_registered_optimization_types, new_value=[object], source=unknown"}
{"logTime": "1005/162932", "level": "INFO", "message": "Preference changed: name=browser.edge_sidebar_visibility, new_value=[object], source=unknown"}
{"logTime": "1005/162932", "level": "INFO", "message": "Preference changed: name=browser.edge_sidebar_visibility, new_value=[object], source=unknown"}
{"logTime": "1005/162932", "level": "INFO", "message": "Preference changed: name=optimization_guide.previously_registered_optimization_types, new_value=[object], source=unknown"}
{"logTime": "1005/162932", "level": "INFO", "message": "Preference changed: name=optimization_guide.previously_registered_optimization_types, new_value=[object], source=unknown"}
{"logTime": "1005/162932", "level": "INFO", "message": "Preference changed: name=edge_pinning_campaign.precomputed_campaign_data, new_value=[object], source=unknown"}
{"logTime": "1005/162932", "level": "INFO", "message": "Preference changed: name=profile.network_pbs, new_value=[object], source=unknown"}
{"logTime": "1005/162932", "level": "INFO", "message": "Preference changed: name=extension.installed_extension_count, new_value=11, source=unknown"}
{"logTime": "1005/162932", "level": "INFO", "message": "Preference changed: name=profile.password_hash_data_list, new_value=[object], source=unknown"}
{"logTime": "1005/162932", "level": "INFO", "message": "Preference changed: name=edge.workspaces.state, new_value=\"{\\\"edgeWorkspacePrefsVersion\\\":2,\\\"enableFluid\\\":true,\\\"failedRestartSpaceId\\\":\\\"\\\",\\\"failedToConnectToFluid\\\":false,\\\"fluidMigrationStatus\\\":false,\\\"fluidStatus\\\":0,\\\"fre_shown\\\":false,\\\"fromCache\\\":false,\\\"isFluidPreferencesConnected\\\":false,\\\"isSpaceOpening\\\":false,\\\"openingSpaceId\\\":\\\"\\\",\\\"statusForScreenReaders\\\":\\\"\\\",\\\"workspacePopupMode\\\":9,\\\"workspacesForExternalLinks\\\":[]}\", source=unknown"}
{"logTime": "1005/162932", "level": "INFO", "message": "Preference changed: name=profile.edge_crash_exit_count, new_value=3, source=unknown"}
{"logTime": "1005/162932", "level": "INFO", "message": "Preference changed: name=optimization_guide.previously_registered_optimization_types, new_value=[object], source=unknown"}
{"logTime": "1005/162932", "level": "INFO", "message": "Preference changed: name=browser.show_toolbar_workspaces_button, new_value=false, source=unknown"}
{"logTime": "1005/162932", "level": "INFO", "message": "Preference changed: name=in_product_help.session_last_active_time, new_value=\"13435691372772309\", source=unknown"}
{"logTime": "1005/162932", "level": "INFO", "message": "Preference changed: name=edge_rewards.hva_promotions, new_value=[object], source=unknown"}
{"logTime": "1005/162932", "level": "INFO", "message": "Preference changed: name=optimization_guide.previously_registered_optimization_types, new_value=[object], source=unknown"}
{"logTime": "1005/162932", "level": "INFO", "message": "Preference changed: name=profile.content_settings.exceptions.storage_access_header_origin_trial, new_value=[object], source=unknown"}
{"logTime": "1005/162932", "level": "INFO", "message": "Preference changed: name=edge_rewards.cache_data, new_value=\"CAA=\", source=unknown"}
{"logTime": "1005/162933", "level": "INFO", "message": "Preference changed: name=schedule_to_flush_to_disk, new_value=\"13435691373131816\", source=unknown"}
{"logTime": "1005/162933", "level": "INFO", "message": "Preference changed: name=schedule_to_flush_to_disk, new_value=\"13435691373137338\", source=unknown"}
{"logTime": "1005/162933", "level": "INFO", "message": "Preference changed: name=account_info, new_value=[object], source=unknown"}
{"logTime": "1005/162933", "level": "INFO", "message": "Preference changed: name=safebrowsing.advanced_protection_last_refresh, new_value=\"13435691373140174\", source=unknown"}
{"logTime": "1005/162933", "level": "INFO", "message": "Preference changed: name=optimization_guide.previously_registered_optimization_types, new_value=[object], source=unknown"}
{"logTime": "1005/162933", "level": "INFO", "message": "Preference changed: name=extensions.chrome_url_overrides, new_value=[object], source=unknown"}
{"logTime": "1005/162933", "level": "INFO", "message": "PrefStore write completed: store=4, success=true"}
{"logTime": "1005/162933", "level": "INFO", "message": "PrefStore write completed: store=4, success=true"}
{"logTime": "1005/162933", "level": "INFO", "message": "Preference changed: name=browser.edge_sidebar_visibility_debug, new_value=[object], source=unknown"}
{"logTime": "1005/162933", "level": "INFO", "message": "Preference changed: name=browser.hub_app_non_synced_preferences, new_value=[object], source=unknown"}
{"logTime": "1005/162933", "level": "INFO", "message": "Preference changed: name=browser.hub_app_non_synced_preferences, new_value=[object], source=unknown"}
{"logTime": "1005/162933", "level": "INFO", "message": "Preference changed: name=browser.hub_app_non_synced_preferences, new_value=[object], source=unknown"}
{"logTime": "1005/162933", "level": "INFO", "message": "Preference changed: name=browser.hub_app_non_synced_preferences, new_value=[object], source=unknown"}
{"logTime": "1005/162933", "level": "INFO", "message": "Preference changed: name=browser.hub_app_non_synced_preferences, new_value=[object], source=unknown"}
{"logTime": "1005/162933", "level": "INFO", "message": "Preference changed: name=browser.hub_app_non_synced_preferences, new_value=[object], source=unknown"}
{"logTime": "1005/162933", "level": "INFO", "message": "Preference changed: name=browser.hub_app_non_synced_preferences, new_value=[object], source=unknown"}
{"logTime": "1005/162933", "level": "INFO", "message": "Preference changed: name=browser.hub_app_non_synced_preferences, new_value=[object], source=unknown"}
{"logTime": "1005/162933", "level": "INFO", "message": "Preference changed: name=browser.hub_app_non_synced_preferences, new_value=[object], source=unknown"}
{"logTime": "1005/162933", "level": "INFO", "message": "Preference changed: name=browser.hub_app_non_synced_preferences, new_value=[object], source=unknown"}
{"logTime": "1005/162933", "level": "INFO", "message": "Preference changed: name=browser.hub_app_non_synced_preferences, new_value=[object], source=unknown"}
{"logTime": "1005/162933", "level": "INFO", "message": "Preference changed: name=browser.hub_app_non_synced_preferences, new_value=[object], source=unknown"}
{"logTime": "1005/162933", "level": "INFO", "message": "Preference changed: name=browser.hub_app_non_synced_preferences, new_value=[object], source=unknown"}
{"logTime": "1005/162933", "level": "INFO", "message": "Preference changed: name=browser.hub_app_non_synced_preferences, new_value=[object], source=unknown"}
{"logTime": "1005/162933", "level": "INFO", "message": "Preference changed: name=browser.hub_app_non_synced_preferences, new_value=[object], source=unknown"}
{"logTime": "1005/162933", "level": "INFO", "message": "Preference changed: name=browser.hub_app_non_synced_preferences, new_value=[object], source=unknown"}
{"logTime": "1005/162933", "level": "INFO", "message": "Preference changed: name=browser.hub_app_non_synced_preferences, new_value=[object], source=unknown"}
{"logTime": "1005/162933", "level": "INFO", "message": "Preference changed: name=browser.hub_app_non_synced_preferences, new_value=[object], source=unknown"}
{"logTime": "1005/162933", "level": "INFO", "message": "Preference changed: name=browser.hub_app_non_synced_preferences, new_value=[object], source=unknown"}
{"logTime": "1005/162933", "level": "INFO", "message": "Preference changed: name=browser.hub_app_non_synced_preferences, new_value=[object], source=unknown"}
{"logTime": "1005/162933", "level": "INFO", "message": "Preference changed: name=browser.hub_app_non_synced_preferences, new_value=[object], source=unknown"}
{"logTime": "1005/162933", "level": "INFO", "message": "Preference changed: name=browser.hub_app_non_synced_preferences, new_value=[object], source=unknown"}
{"logTime": "1005/162933", "level": "INFO", "message": "Preference changed: name=browser.hub_app_non_synced_preferences, new_value=[object], source=unknown"}
{"logTime": "1005/162933", "level": "INFO", "message": "Preference changed: name=browser.hub_app_non_synced_preferences, new_value=[object], source=unknown"}
{"logTime": "1005/162933", "level": "INFO", "message": "Preference changed: name=browser.hub_app_non_synced_preferences, new_value=[object], source=unknown"}
{"logTime": "1005/162933", "level": "INFO", "message": "Preference changed: name=browser.hub_app_non_synced_preferences, new_value=[object], source=unknown"}
{"logTime": "1005/162933", "level": "INFO", "message": "Preference changed: name=browser.hub_cleanup_candidate_list_for_debug, new_value=[object], source=unknown"}
{"logTime": "1005/162933", "level": "INFO", "message": "Preference changed: name=sync.local_device_guids_with_timestamp, new_value=[object], source=unknown"}
{"logTime": "1005/162934", "level": "INFO", "message": "Preference changed: name=profile.content_settings.exceptions.site_engagement, new_value=[object], source=unknown"}
{"logTime": "1005/162934", "level": "INFO", "message": "Preference changed: name=profile.last_engagement_time, new_value=\"13435691374114965\", source=unknown"}
{"logTime": "1005/162934", "level": "INFO", "message": "Preference changed: name=edge_rewards.hva_promotions, new_value=[object], source=unknown"}
{"logTime": "1005/162934", "level": "INFO", "message": "Preference changed: name=edge_rewards.hva_promotions, new_value=[object], source=unknown"}
{"logTime": "1005/162934", "level": "INFO", "message": "Preference changed: name=edge_rewards.cache_data, new_value=\"CAEQrQw6IAkAAAAAAAAAABEAAAAAAAAAABkAAAAAAAAAACIDdXNkSgJ1cw==\", source=unknown"}
{"logTime": "1005/162936", "level": "INFO", "message": "Preference changed: name=profile.content_settings.exceptions.app_banner, new_value=[object], source=unknown"}
{"logTime": "1005/162936", "level": "INFO", "message": "Preference changed: name=arbitration_last_notification_shown, new_value=\"13435691376987727\", source=unknown"}
{"logTime": "1005/162938", "level": "INFO", "message": "Preference changed: name=profile.content_settings.exceptions.site_engagement, new_value=[object], source=unknown"}
{"logTime": "1005/162938", "level": "INFO", "message": "Preference changed: name=profile.last_engagement_time, new_value=\"13435691378054537\", source=unknown"}
{"logTime": "1005/162941", "level": "INFO", "message": "Preference changed: name=extensions.edge_default_installed_cws_extensions_update_frequency, new_value=14, source=unknown"}
{"logTime": "1005/162941", "level": "INFO", "message": "Preference changed: name=updateclientdata, new_value=[object], source=unknown"}
{"logTime": "1005/162941", "level": "INFO", "message": "Preference changed: name=browser.edge_sidebar_visibility_debug, new_value=[object], source=unknown"}
{"logTime": "1005/162941", "level": "INFO", "message": "Preference changed: name=updateclientdata, new_value=[object], source=unknown"}
{"logTime": "1005/162941", "level": "INFO", "message": "Preference changed: name=extensions.settings, new_value=[object], source=unknown"}
{"logTime": "1005/162942", "level": "INFO", "message": "Preference changed: name=profile.content_settings.exceptions.site_engagement, new_value=[object], source=unknown"}
{"logTime": "1005/162942", "level": "INFO", "message": "Preference changed: name=profile.last_engagement_time, new_value=\"13435691382050943\", source=unknown"}
{"logTime": "1005/162942", "level": "INFO", "message": "Preference changed: name=language_dwell_time_average, new_value=[object], source=unknown"}
{"logTime": "1005/162942", "level": "INFO", "message": "Preference changed: name=language_usage_count, new_value=[object], source=unknown"}
{"logTime": "1005/162942", "level": "INFO", "message": "Preference changed: name=browser.edge_sidebar_visibility, new_value=[object], source=unknown"}
{"logTime": "1005/162942", "level": "INFO", "message": "Preference changed: name=browser.edge_sidebar_visibility, new_value=[object], source=unknown"}
{"logTime": "1005/162943", "level": "INFO", "message": "Preference changed: name=sync.transport_data_per_account, new_value=[object], source=unknown"}
{"logTime": "1005/162943", "level": "INFO", "message": "Preference changed: name=sync.transport_data_per_account, new_value=[object], source=unknown"}
{"logTime": "1005/162943", "level": "INFO", "message": "Preference changed: name=sync.local_device_guids_with_timestamp, new_value=[object], source=unknown"}
{"logTime": "1005/162943", "level": "INFO", "message": "Preference changed: name=sync.local_device_guids_with_timestamp, new_value=[object], source=unknown"}
{"logTime": "1005/162943", "level": "INFO", "message": "PrefStore write completed: store=4, success=true"}
{"logTime": "1005/162943", "level": "INFO", "message": "PrefStore write completed: store=4, success=true"}
{"logTime": "1005/162943", "level": "INFO", "message": "Preference changed: name=sync.transport_data_per_account, new_value=[object], source=unknown"}
{"logTime": "1005/162943", "level": "INFO", "message": "Preference changed: name=sync.transport_data_per_account, new_value=[object], source=unknown"}
{"logTime": "1005/162943", "level": "INFO", "message": "Preference changed: name=sync.transport_data_per_account, new_value=[object], source=unknown"}
{"logTime": "1005/162943", "level": "INFO", "message": "Preference changed: name=edge.workspaces.state, new_value=\"{\\\"edgeWorkspacePrefsVersion\\\":2,\\\"enableFluid\\\":true,\\\"failedRestartSpaceId\\\":\\\"\\\",\\\"failedToConnectToFluid\\\":false,\\\"fluidMigrationStatus\\\":false,\\\"fluidStatus\\\":0,\\\"fre_shown\\\":false,\\\"fromCache\\\":false,\\\"isFluidPreferencesConnected\\\":false,\\\"isSpaceOpening\\\":false,\\\"openingSpaceId\\\":\\\"\\\",\\\"statusForScreenReaders\\\":\\\"\\\",\\\"workspacePopupMode\\\":0,\\\"workspacesForExternalLinks\\\":[]}\", source=unknown"}
{"logTime": "1005/162945", "level": "INFO", "message": "Preference changed: name=edge_pinning_campaign.precomputed_campaign_data, new_value=[object], source=unknown"}
{"logTime": "1005/162945", "level": "INFO", "message": "Preference changed: name=profile.content_settings.exceptions.site_engagement, new_value=[object], source=unknown"}
{"logTime": "1005/162945", "level": "INFO", "message": "Preference changed: name=profile.last_engagement_time, new_value=\"13435691385576293\", source=unknown"}
{"logTime": "1005/162946", "level": "INFO", "message": "Preference changed: name=language_dwell_time_average, new_value=[object], source=unknown"}
{"logTime": "1005/162946", "level": "INFO", "message": "Preference changed: name=language_usage_count, new_value=[object], source=unknown"}
{"logTime": "1005/162946", "level": "INFO", "message": "Preference changed: name=web_apps.did_migrate_default_chrome_apps, new_value=[object], source=unknown"}
{"logTime": "1005/162946", "level": "INFO", "message": "Preference changed: name=web_apps.did_migrate_default_chrome_apps, new_value=[object], source=unknown"}
{"logTime": "1005/162948", "level": "INFO", "message": "Preference changed: name=ntp.num_personal_suggestions, new_value=2, source=unknown"}
{"logTime": "1005/162948", "level": "INFO", "message": "Preference changed: name=browser.hub_cleanup_candidate_list_for_debug, new_value=[object], source=unknown"}
{"logTime": "1005/162949", "level": "INFO", "message": "Preference changed: name=profile.content_settings.exceptions.site_engagement, new_value=[object], source=unknown"}
{"logTime": "1005/162949", "level": "INFO", "message": "Preference changed: name=profile.last_engagement_time, new_value=\"13435691389138958\", source=unknown"}
{"logTime": "1005/162949", "level": "INFO", "message": "Preference changed: name=language_dwell_time_average, new_value=[object], source=unknown"}
{"logTime": "1005/162949", "level": "INFO", "message": "Preference changed: name=language_usage_count, new_value=[object], source=unknown"}
{"logTime": "1005/162952", "level": "INFO", "message": "Preference changed: name=pinned_sites.pin_metadata, new_value=[object], source=unknown"}
{"logTime": "1005/162952", "level": "INFO", "message": "Preference changed: name=extensions.settings, new_value=[object], source=unknown"}
{"logTime": "1005/162952", "level": "INFO", "message": "Preference changed: name=extensions.settings, new_value=[object], source=unknown"}
{"logTime": "1005/162952", "level": "INFO", "message": "Preference changed: name=extensions.settings, new_value=[object], source=unknown"}
{"logTime": "1005/162952", "level": "INFO", "message": "Preference changed: name=extensions.settings, new_value=[object], source=unknown"}
{"logTime": "1005/162952", "level": "INFO", "message": "Preference changed: name=extensions.settings, new_value=[object], source=unknown"}
{"logTime": "1005/162952", "level": "INFO", "message": "Preference changed: name=extensions.settings, new_value=[object], source=unknown"}
{"logTime": "1005/162952", "level": "INFO", "message": "Preference changed: name=extensions.settings, new_value=[object], source=unknown"}
{"logTime": "1005/162952", "level": "INFO", "message": "Preference changed: name=extensions.settings, new_value=[object], source=unknown"}
{"logTime": "1005/162952", "level": "INFO", "message": "Preference changed: name=extensions.settings, new_value=[object], source=unknown"}
{"logTime": "1005/162952", "level": "INFO", "message": "Preference changed: name=extensions.settings, new_value=[object], source=unknown"}
{"logTime": "1005/162952", "level": "INFO", "message": "Preference changed: name=extensions.settings, new_value=[object], source=unknown"}
{"logTime": "1005/162952", "level": "INFO", "message": "Preference changed: name=extensions.settings, new_value=[object], source=unknown"}
{"logTime": "1005/162952", "level": "INFO", "message": "Preference changed: name=extensions.settings, new_value=[object], source=unknown"}
{"logTime": "1005/162953", "level": "INFO", "message": "PrefStore write completed: store=4, success=true"}
{"logTime": "1005/162953", "level": "INFO", "message": "Preference changed: name=extensions.settings, new_value=[object], source=unknown"}
{"logTime": "1005/162953", "level": "INFO", "message": "Preference changed: name=profile.content_settings.exceptions.site_engagement, new_value=[object], source=unknown"}
{"logTime": "1005/162953", "level": "INFO", "message": "Preference changed: name=profile.last_engagement_time, new_value=\"13435691393859319\", source=unknown"}
{"logTime": "1005/162954", "level": "INFO", "message": "Preference changed: name=language_dwell_time_average, new_value=[object], source=unknown"}
{"logTime": "1005/162954", "level": "INFO", "message": "Preference changed: name=language_usage_count, new_value=[object], source=unknown"}
{"logTime": "1005/162955", "level": "INFO", "message": "Preference changed: name=extensions.settings, new_value=[object], source=unknown"}
{"logTime": "1005/162955", "level": "INFO", "message": "Preference changed: name=extensions.settings, new_value=[object], source=unknown"}
{"logTime": "1005/162955", "level": "INFO", "message": "Preference changed: name=extensions.settings, new_value=[object], source=unknown"}
{"logTime": "1005/162955", "level": "INFO", "message": "Preference changed: name=extensions.settings, new_value=[object], source=unknown"}
{"logTime": "1005/162955", "level": "INFO", "message": "Preference changed: name=extensions.settings, new_value=[object], source=unknown"}
{"logTime": "1005/162955", "level": "INFO", "message": "Preference changed: name=extensions.settings, new_value=[object], source=unknown"}
{"logTime": "1005/162955", "level": "INFO", "message": "Preference changed: name=extensions.settings, new_value=[object], source=unknown"}
{"logTime": "1005/162955", "level": "INFO", "message": "Preference changed: name=extensions.settings, new_value=[object], source=unknown"}
{"logTime": "1005/162955", "level": "INFO", "message": "Preference changed: name=extensions.settings, new_value=[object], source=unknown"}
{"logTime": "1005/162955", "level": "INFO", "message": "Preference changed: name=extensions.settings, new_value=[object], source=unknown"}
{"logTime": "1005/162955", "level": "INFO", "message": "Preference changed: name=extensions.settings, new_value=[object], source=unknown"}
{"logTime": "1005/162955", "level": "INFO", "message": "Preference changed: name=extensions.commands, new_value=[object], source=unknown"}
{"logTime": "1005/162955", "level": "INFO", "message": "Preference changed: name=extensions.settings, new_value=[object], source=unknown"}
{"logTime": "1005/162955", "level": "INFO", "message": "Preference changed: name=extensions.settings, new_value=[object], source=unknown"}
{"logTime": "1005/162955", "level": "INFO", "message": "Preference changed: name=extensions.settings, new_value=[object], source=unknown"}
{"logTime": "1005/162955", "level": "INFO", "message": "Preference changed: name=extensions.settings, new_value=[object], source=unknown"}
{"logTime": "1005/162955", "level": "INFO", "message": "Preference changed: name=extensions.settings, new_value=[object], source=unknown"}
{"logTime": "1005/162955", "level": "INFO", "message": "Preference changed: name=extensions.settings, new_value=[object], source=unknown"}
{"logTime": "1005/162955", "level": "INFO", "message": "Preference changed: name=extensions.microsoft_install_signature, new_value=[object], source=unknown"}
{"logTime": "1005/162955", "level": "INFO", "message": "Preference changed: name=extensions.settings, new_value=[object], source=unknown"}
{"logTime": "1005/162955", "level": "INFO", "message": "Preference changed: name=extensions.settings, new_value=[object], source=unknown"}
{"logTime": "1005/162955", "level": "INFO", "message": "Preference changed: name=extensions.settings, new_value=[object], source=unknown"}
{"logTime": "1005/162955", "level": "INFO", "message": "Preference changed: name=extensions.settings, new_value=[object], source=unknown"}
{"logTime": "1005/162955", "level": "INFO", "message": "Preference changed: name=extensions.settings, new_value=[object], source=unknown"}
{"logTime": "1005/162955", "level": "INFO", "message": "Preference changed: name=extensions.settings, new_value=[object], source=unknown"}
{"logTime": "1005/162955", "level": "INFO", "message": "Preference changed: name=sync.transport_data_per_account, new_value=[object], source=unknown"}
{"logTime": "1005/162955", "level": "INFO", "message": "Preference changed: name=sync.transport_data_per_account, new_value=[object], source=unknown"}
{"logTime": "1005/162955", "level": "INFO", "message": "Preference changed: name=sync.transport_data_per_account, new_value=[object], source=unknown"}
{"logTime": "1005/162958", "level": "INFO", "message": "Preference changed: name=extensions.settings, new_value=[object], source=unknown"}
{"logTime": "1005/162958", "level": "INFO", "message": "Preference changed: name=extensions.settings, new_value=[object], source=unknown"}
{"logTime": "1005/162958", "level": "INFO", "message": "Preference changed: name=extensions.settings, new_value=[object], source=unknown"}
{"logTime": "1005/162958", "level": "INFO", "message": "Preference changed: name=extensions.settings, new_value=[object], source=unknown"}
{"logTime": "1005/163041", "level": "INFO", "message": "UserPrefStore loaded: error=NONE (0)"}
{"logTime": "1005/163041", "level": "INFO", "message": "Preference changed: name=optimization_guide.previously_registered_optimization_types, new_value=[object], source=unknown"}
{"logTime": "1005/163041", "level": "INFO", "message": "Preference changed: name=extensions.chrome_url_overrides, new_value=[object], source=unknown"}
{"logTime": "1005/163041", "level": "INFO", "message": "Preference changed: name=sessions.event_log, new_value=[object], source=unknown"}
{"logTime": "1005/163041", "level": "INFO", "message": "Preference changed: name=optimization_guide.previously_registered_optimization_types, new_value=[object], source=unknown"}
{"logTime": "1005/163041", "level": "INFO", "message": "Preference changed: name=optimization_guide.previously_registered_optimization_types, new_value=[object], source=unknown"}
{"logTime": "1005/163041", "level": "INFO", "message": "Preference changed: name=optimization_guide.previously_registered_optimization_types, new_value=[object], source=unknown"}
{"logTime": "1005/163041", "level": "INFO", "message": "Preference changed: name=browser.edge_sidebar_visibility, new_value=[object], source=unknown"}
{"logTime": "1005/163041", "level": "INFO", "message": "Preference changed: name=browser.edge_sidebar_visibility, new_value=[object], source=unknown"}
{"logTime": "1005/163041", "level": "INFO", "message": "Preference changed: name=optimization_guide.previously_registered_optimization_types, new_value=[object], source=unknown"}
{"logTime": "1005/163041", "level": "INFO", "message": "Preference changed: name=optimization_guide.previously_registered_optimization_types, new_value=[object], source=unknown"}
{"logTime": "1005/163041", "level": "INFO", "message": "Preference changed: name=edge_pinning_campaign.precomputed_campaign_data, new_value=[object], source=unknown"}
{"logTime": "1005/163041", "level": "INFO", "message": "Preference changed: name=profile.network_pbs, new_value=[object], source=unknown"}
{"logTime": "1005/163041", "level": "INFO", "message": "Preference changed: name=profile.password_hash_data_list, new_value=[object], source=unknown"}
{"logTime": "1005/163041", "level": "INFO", "message": "Preference changed: name=edge.workspaces.state, new_value=\"{\\\"edgeWorkspacePrefsVersion\\\":2,\\\"enableFluid\\\":true,\\\"failedRestartSpaceId\\\":\\\"\\\",\\\"failedToConnectToFluid\\\":false,\\\"fluidMigrationStatus\\\":false,\\\"fluidStatus\\\":0,\\\"fre_shown\\\":false,\\\"fromCache\\\":false,\\\"isFluidPreferencesConnected\\\":false,\\\"isSpaceOpening\\\":false,\\\"openingSpaceId\\\":\\\"\\\",\\\"statusForScreenReaders\\\":\\\"\\\",\\\"workspacePopupMode\\\":9,\\\"workspacesForExternalLinks\\\":[]}\", source=unknown"}
{"logTime": "1005/163041", "level": "INFO", "message": "Preference changed: name=profile.edge_crash_exit_count, new_value=4, source=unknown"}
{"logTime": "1005/163041", "level": "INFO", "message": "Preference changed: name=optimization_guide.previously_registered_optimization_types, new_value=[object], source=unknown"}
{"logTime": "1005/163041", "level": "INFO", "message": "Preference changed: name=browser.show_toolbar_workspaces_button, new_value=false, source=unknown"}
{"logTime": "1005/163041", "level": "INFO", "message": "Preference changed: name=in_product_help.session_last_active_time, new_value=\"13435691441493991\", source=unknown"}
{"logTime": "1005/163041", "level": "INFO", "message": "Preference changed: name=edge_rewards.hva_promotions, new_value=[object], source=unknown"}
{"logTime": "1005/163041", "level": "INFO", "message": "Preference changed: name=optimization_guide.previously_registered_optimization_types, new_value=[object], source=unknown"}
{"logTime": "1005/163041", "level": "INFO", "message": "Preference changed: name=profile.content_settings.exceptions.storage_access_header_origin_trial, new_value=[object], source=unknown"}
{"logTime": "1005/163041", "level": "INFO", "message": "Preference changed: name=edge_rewards.cache_data, new_value=\"CAA=\", source=unknown"}
{"logTime": "1005/163041", "level": "INFO", "message": "Preference changed: name=schedule_to_flush_to_disk, new_value=\"13435691441772412\", source=unknown"}
{"logTime": "1005/163041", "level": "INFO", "message": "Preference changed: name=schedule_to_flush_to_disk, new_value=\"13435691441779614\", source=unknown"}
{"logTime": "1005/163041", "level": "INFO", "message": "Preference changed: name=account_info, new_value=[object], source=unknown"}
{"logTime": "1005/163041", "level": "INFO", "message": "Preference changed: name=safebrowsing.advanced_protection_last_refresh, new_value=\"13435691441781213\", source=unknown"}
{"logTime": "1005/163041", "level": "INFO", "message": "Preference changed: name=optimization_guide.previously_registered_optimization_types, new_value=[object], source=unknown"}
{"logTime": "1005/163041", "level": "INFO", "message": "Preference changed: name=extensions.chrome_url_overrides, new_value=[object], source=unknown"}
{"logTime": "1005/163041", "level": "INFO", "message": "PrefStore write completed: store=4, success=true"}
{"logTime": "1005/163041", "level": "INFO", "message": "PrefStore write completed: store=4, success=true"}
{"logTime": "1005/163041", "level": "INFO", "message": "Preference changed: name=browser.edge_sidebar_visibility_debug, new_value=[object], source=unknown"}
{"logTime": "1005/163041", "level": "INFO", "message": "Preference changed: name=browser.hub_app_non_synced_preferences, new_value=[object], source=unknown"}
{"logTime": "1005/163041", "level": "INFO", "message": "Preference changed: name=browser.hub_app_non_synced_preferences, new_value=[object], source=unknown"}
{"logTime": "1005/163041", "level": "INFO", "message": "Preference changed: name=browser.hub_app_non_synced_preferences, new_value=[object], source=unknown"}
{"logTime": "1005/163041", "level": "INFO", "message": "Preference changed: name=browser.hub_app_non_synced_preferences, new_value=[object], source=unknown"}
{"logTime": "1005/163041", "level": "INFO", "message": "Preference changed: name=browser.hub_app_non_synced_preferences, new_value=[object], source=unknown"}
{"logTime": "1005/163041", "level": "INFO", "message": "Preference changed: name=browser.hub_app_non_synced_preferences, new_value=[object], source=unknown"}
{"logTime": "1005/163041", "level": "INFO", "message": "Preference changed: name=browser.hub_app_non_synced_preferences, new_value=[object], source=unknown"}
{"logTime": "1005/163041", "level": "INFO", "message": "Preference changed: name=browser.hub_app_non_synced_preferences, new_value=[object], source=unknown"}
{"logTime": "1005/163041", "level": "INFO", "message": "Preference changed: name=browser.hub_app_non_synced_preferences, new_value=[object], source=unknown"}
{"logTime": "1005/163041", "level": "INFO", "message": "Preference changed: name=browser.hub_app_non_synced_preferences, new_value=[object], source=unknown"}
{"logTime": "1005/163041", "level": "INFO", "message": "Preference changed: name=browser.hub_app_non_synced_preferences, new_value=[object], source=unknown"}
{"logTime": "1005/163041", "level": "INFO", "message": "Preference changed: name=browser.hub_app_non_synced_preferences, new_value=[object], source=unknown"}
{"logTime": "1005/163041", "level": "INFO", "message": "Preference changed: name=browser.hub_app_non_synced_preferences, new_value=[object], source=unknown"}
{"logTime": "1005/163041", "level": "INFO", "message": "Preference changed: name=browser.hub_app_non_synced_preferences, new_value=[object], source=unknown"}
{"logTime": "1005/163041", "level": "INFO", "message": "Preference changed: name=browser.hub_app_non_synced_preferences, new_value=[object], source=unknown"}
{"logTime": "1005/163041", "level": "INFO", "message": "Preference changed: name=browser.hub_app_non_synced_preferences, new_value=[object], source=unknown"}
{"logTime": "1005/163041", "level": "INFO", "message": "Preference changed: name=browser.hub_app_non_synced_preferences, new_value=[object], source=unknown"}
{"logTime": "1005/163041", "level": "INFO", "message": "Preference changed: name=browser.hub_app_non_synced_preferences, new_value=[object], source=unknown"}
{"logTime": "1005/163041", "level": "INFO", "message": "Preference changed: name=browser.hub_app_non_synced_preferences, new_value=[object], source=unknown"}
{"logTime": "1005/163041", "level": "INFO", "message": "Preference changed: name=browser.hub_app_non_synced_preferences, new_value=[object], source=unknown"}
{"logTime": "1005/163041", "level": "INFO", "message": "Preference changed: name=browser.hub_app_non_synced_preferences, new_value=[object], source=unknown"}
{"logTime": "1005/163041", "level": "INFO", "message": "Preference changed: name=browser.hub_app_non_synced_preferences, new_value=[object], source=unknown"}
{"logTime": "1005/163041", "level": "INFO", "message": "Preference changed: name=browser.hub_app_non_synced_preferences, new_value=[object], source=unknown"}
{"logTime": "1005/163041", "level": "INFO", "message": "Preference changed: name=browser.hub_app_non_synced_preferences, new_value=[object], source=unknown"}
{"logTime": "1005/163041", "level": "INFO", "message": "Preference changed: name=browser.hub_app_non_synced_preferences, new_value=[object], source=unknown"}
{"logTime": "1005/163041", "level": "INFO", "message": "Preference changed: name=browser.hub_app_non_synced_preferences, new_value=[object], source=unknown"}
{"logTime": "1005/163041", "level": "INFO", "message": "Preference changed: name=browser.hub_cleanup_candidate_list_for_debug, new_value=[object], source=unknown"}
{"logTime": "1005/163041", "level": "INFO", "message": "Preference changed: name=sync.local_device_guids_with_timestamp, new_value=[object], source=unknown"}
{"logTime": "1005/163042", "level": "INFO", "message": "Preference changed: name=edge_rewards.hva_promotions, new_value=[object], source=unknown"}
{"logTime": "1005/163042", "level": "INFO", "message": "Preference changed: name=edge_rewards.hva_promotions, new_value=[object], source=unknown"}
{"logTime": "1005/163042", "level": "INFO", "message": "Preference changed: name=edge_rewards.cache_data, new_value=\"CAEQrQw6IAkAAAAAAAAAABEAAAAAAAAAABkAAAAAAAAAACIDdXNkSgJ1cw==\", source=unknown"}
{"logTime": "1005/163043", "level": "INFO", "message": "Preference changed: name=profile.content_settings.exceptions.site_engagement, new_value=[object], source=unknown"}
{"logTime": "1005/163043", "level": "INFO", "message": "Preference changed: name=profile.last_engagement_time, new_value=\"13435691443412152\", source=unknown"}
{"logTime": "1005/163045", "level": "INFO", "message": "Preference changed: name=language_dwell_time_average, new_value=[object], source=unknown"}
{"logTime": "1005/163045", "level": "INFO", "message": "Preference changed: name=language_usage_count, new_value=[object], source=unknown"}
{"logTime": "1005/163046", "level": "INFO", "message": "Preference changed: name=profile.content_settings.exceptions.site_engagement, new_value=[object], source=unknown"}
{"logTime": "1005/163046", "level": "INFO", "message": "Preference changed: name=profile.last_engagement_time, new_value=\"13435691446846025\", source=unknown"}
{"logTime": "1005/163050", "level": "INFO", "message": "Preference changed: name=browser.edge_sidebar_visibility_debug, new_value=[object], source=unknown"}
{"logTime": "1005/163050", "level": "INFO", "message": "Preference changed: name=profile.content_settings.exceptions.site_engagement, new_value=[object], source=unknown"}
{"logTime": "1005/163050", "level": "INFO", "message": "Preference changed: name=profile.last_engagement_time, new_value=\"13435691450255772\", source=unknown"}
{"logTime": "1005/163050", "level": "INFO", "message": "Preference changed: name=updateclientdata, new_value=[object], source=unknown"}
{"logTime": "1005/163050", "level": "INFO", "message": "Preference changed: name=extensions.settings, new_value=[object], source=unknown"}
{"logTime": "1005/163050", "level": "INFO", "message": "Preference changed: name=language_dwell_time_average, new_value=[object], source=unknown"}
{"logTime": "1005/163050", "level": "INFO", "message": "Preference changed: name=language_usage_count, new_value=[object], source=unknown"}
{"logTime": "1005/163051", "level": "INFO", "message": "Preference changed: name=browser.edge_sidebar_visibility, new_value=[object], source=unknown"}
{"logTime": "1005/163051", "level": "INFO", "message": "Preference changed: name=browser.edge_sidebar_visibility, new_value=[object], source=unknown"}
{"logTime": "1005/163051", "level": "INFO", "message": "Preference changed: name=sync.transport_data_per_account, new_value=[object], source=unknown"}
{"logTime": "1005/163051", "level": "INFO", "message": "Preference changed: name=sync.transport_data_per_account, new_value=[object], source=unknown"}
{"logTime": "1005/163051", "level": "INFO", "message": "Preference changed: name=sync.local_device_guids_with_timestamp, new_value=[object], source=unknown"}
{"logTime": "1005/163051", "level": "INFO", "message": "Preference changed: name=sync.local_device_guids_with_timestamp, new_value=[object], source=unknown"}
{"logTime": "1005/163051", "level": "INFO", "message": "Preference changed: name=edge_pinning_campaign.precomputed_campaign_data, new_value=[object], source=unknown"}
{"logTime": "1005/163051", "level": "INFO", "message": "PrefStore write completed: store=4, success=true"}
{"logTime": "1005/163051", "level": "INFO", "message": "Preference changed: name=web_apps.did_migrate_default_chrome_apps, new_value=[object], source=unknown"}
{"logTime": "1005/163051", "level": "INFO", "message": "Preference changed: name=web_apps.did_migrate_default_chrome_apps, new_value=[object], source=unknown"}
{"logTime": "1005/163052", "level": "INFO", "message": "PrefStore write completed: store=4, success=true"}
{"logTime": "1005/163052", "level": "INFO", "message": "Preference changed: name=sync.transport_data_per_account, new_value=[object], source=unknown"}
{"logTime": "1005/163052", "level": "INFO", "message": "Preference changed: name=sync.transport_data_per_account, new_value=[object], source=unknown"}
{"logTime": "1005/163052", "level": "INFO", "message": "Preference changed: name=sync.transport_data_per_account, new_value=[object], source=unknown"}
{"logTime": "1005/163052", "level": "INFO", "message": "Preference changed: name=edge.workspaces.state, new_value=\"{\\\"edgeWorkspacePrefsVersion\\\":2,\\\"enableFluid\\\":true,\\\"failedRestartSpaceId\\\":\\\"\\\",\\\"failedToConnectToFluid\\\":false,\\\"fluidMigrationStatus\\\":false,\\\"fluidStatus\\\":0,\\\"fre_shown\\\":false,\\\"fromCache\\\":false,\\\"isFluidPreferencesConnected\\\":false,\\\"isSpaceOpening\\\":false,\\\"openingSpaceId\\\":\\\"\\\",\\\"statusForScreenReaders\\\":\\\"\\\",\\\"workspacePopupMode\\\":0,\\\"workspacesForExternalLinks\\\":[]}\", source=unknown"}
{"logTime": "1005/163053", "level": "INFO", "message": "Preference changed: name=profile.content_settings.exceptions.site_engagement, new_value=[object], source=unknown"}
{"logTime": "1005/163053", "level": "INFO", "message": "Preference changed: name=profile.last_engagement_time, new_value=\"13435691453732994\", source=unknown"}
{"logTime": "1005/163054", "level": "INFO", "message": "Preference changed: name=language_dwell_time_average, new_value=[object], source=unknown"}
{"logTime": "1005/163054", "level": "INFO", "message": "Preference changed: name=language_usage_count, new_value=[object], source=unknown"}
{"logTime": "1005/163056", "level": "INFO", "message": "Preference changed: name=pinned_sites.pin_metadata, new_value=[object], source=unknown"}
{"logTime": "1005/163056", "level": "INFO", "message": "Preference changed: name=extensions.settings, new_value=[object], source=unknown"}
{"logTime": "1005/163056", "level": "INFO", "message": "Preference changed: name=browser.hub_cleanup_candidate_list_for_debug, new_value=[object], source=unknown"}
{"logTime": "1005/163057", "level": "INFO", "message": "Preference changed: name=profile.content_settings.exceptions.site_engagement, new_value=[object], source=unknown"}
{"logTime": "1005/163057", "level": "INFO", "message": "Preference changed: name=profile.last_engagement_time, new_value=\"13435691457200414\", source=unknown"}
{"logTime": "1005/163057", "level": "INFO", "message": "Preference changed: name=language_dwell_time_average, new_value=[object], source=unknown"}
{"logTime": "1005/163057", "level": "INFO", "message": "Preference changed: name=language_usage_count, new_value=[object], source=unknown"}
{"logTime": "1005/163057", "level": "INFO", "message": "Preference changed: name=extensions.settings, new_value=[object], source=unknown"}
{"logTime": "1005/163057", "level": "INFO", "message": "Preference changed: name=extensions.settings, new_value=[object], source=unknown"}
{"logTime": "1005/163057", "level": "INFO", "message": "Preference changed: name=extensions.settings, new_value=[object], source=unknown"}
{"logTime": "1005/163057", "level": "INFO", "message": "Preference changed: name=extensions.settings, new_value=[object], source=unknown"}
{"logTime": "1005/163057", "level": "INFO", "message": "Preference changed: name=extensions.settings, new_value=[object], source=unknown"}
{"logTime": "1005/163057", "level": "INFO", "message": "Preference changed: name=extensions.settings, new_value=[object], source=unknown"}
{"logTime": "1005/163057", "level": "INFO", "message": "Preference changed: name=extensions.settings, new_value=[object], source=unknown"}
{"logTime": "1005/163057", "level": "INFO", "message": "Preference changed: name=extensions.settings, new_value=[object], source=unknown"}
{"logTime": "1005/163057", "level": "INFO", "message": "Preference changed: name=extensions.settings, new_value=[object], source=unknown"}
{"logTime": "1005/163057", "level": "INFO", "message": "Preference changed: name=extensions.settings, new_value=[object], source=unknown"}
{"logTime": "1005/163057", "level": "INFO", "message": "Preference changed: name=extensions.settings, new_value=[object], source=unknown"}
{"logTime": "1005/163057", "level": "INFO", "message": "Preference changed: name=extensions.settings, new_value=[object], source=unknown"}
{"logTime": "1005/163057", "level": "INFO", "message": "Preference changed: name=extensions.settings, new_value=[object], source=unknown"}
{"logTime": "1005/163058", "level": "INFO", "message": "Preference changed: name=extensions.settings, new_value=[object], source=unknown"}
{"logTime": "1005/163058", "level": "INFO", "message": "Preference changed: name=extensions.settings, new_value=[object], source=unknown"}
{"logTime": "1005/163058", "level": "INFO", "message": "Preference changed: name=extensions.settings, new_value=[object], source=unknown"}
{"logTime": "1005/163058", "level": "INFO", "message": "Preference changed: name=extensions.settings, new_value=[object], source=unknown"}
{"logTime": "1005/163058", "level": "INFO", "message": "Preference changed: name=extensions.settings, new_value=[object], source=unknown"}
{"logTime": "1005/163058", "level": "INFO", "message": "Preference changed: name=extensions.settings, new_value=[object], source=unknown"}
{"logTime": "1005/163058", "level": "INFO", "message": "Preference changed: name=extensions.settings, new_value=[object], source=unknown"}
{"logTime": "1005/163058", "level": "INFO", "message": "Preference changed: name=extensions.settings, new_value=[object], source=unknown"}
{"logTime": "1005/163058", "level": "INFO", "message": "Preference changed: name=extensions.settings, new_value=[object], source=unknown"}
{"logTime": "1005/163058", "level": "INFO", "message": "Preference changed: name=extensions.settings, new_value=[object], source=unknown"}
{"logTime": "1005/163058", "level": "INFO", "message": "Preference changed: name=extensions.settings, new_value=[object], source=unknown"}
{"logTime": "1005/163058", "level": "INFO", "message": "Preference changed: name=extensions.commands, new_value=[object], source=unknown"}
{"logTime": "1005/163058", "level": "INFO", "message": "Preference changed: name=extensions.settings, new_value=[object], source=unknown"}
{"logTime": "1005/163058", "level": "INFO", "message": "Preference changed: name=extensions.settings, new_value=[object], source=unknown"}
{"logTime": "1005/163058", "level": "INFO", "message": "Preference changed: name=extensions.settings, new_value=[object], source=unknown"}
{"logTime": "1005/163058", "level": "INFO", "message": "Preference changed: name=extensions.settings, new_value=[object], source=unknown"}
{"logTime": "1005/163058", "level": "INFO", "message": "Preference changed: name=extensions.settings, new_value=[object], source=unknown"}
{"logTime": "1005/163058", "level": "INFO", "message": "Preference changed: name=extensions.settings, new_value=[object], source=unknown"}
{"logTime": "1005/163058", "level": "INFO", "message": "Preference changed: name=extensions.settings, new_value=[object], source=unknown"}
{"logTime": "1005/163058", "level": "INFO", "message": "Preference changed: name=extensions.settings, new_value=[object], source=unknown"}
{"logTime": "1005/163058", "level": "INFO", "message": "Preference changed: name=extensions.settings, new_value=[object], source=unknown"}
{"logTime": "1005/163058", "level": "INFO", "message": "Preference changed: name=extensions.settings, new_value=[object], source=unknown"}
{"logTime": "1005/163058", "level": "INFO", "message": "Preference changed: name=extensions.microsoft_install_signature, new_value=[object], source=unknown"}
{"logTime": "1005/163059", "level": "INFO", "message": "Preference changed: name=extensions.settings, new_value=[object], source=unknown"}
{"logTime": "1005/163100", "level": "INFO", "message": "Preference changed: name=profile.content_settings.exceptions.site_engagement, new_value=[object], source=unknown"}
{"logTime": "1005/163100", "level": "INFO", "message": "Preference changed: name=profile.last_engagement_time, new_value=\"13435691460947853\", source=unknown"}
{"logTime": "1005/163101", "level": "INFO", "message": "Preference changed: name=language_dwell_time_average, new_value=[object], source=unknown"}
{"logTime": "1005/163101", "level": "INFO", "message": "Preference changed: name=language_usage_count, new_value=[object], source=unknown"}
{"logTime": "1005/163101", "level": "INFO", "message": "PrefStore write completed: store=4, success=true"}
{"logTime": "1005/163103", "level": "INFO", "message": "Preference changed: name=extensions.settings, new_value=[object], source=unknown"}
{"logTime": "1005/163103", "level": "INFO", "message": "Preference changed: name=extensions.settings, new_value=[object], source=unknown"}
{"logTime": "1005/163103", "level": "INFO", "message": "Preference changed: name=extensions.settings, new_value=[object], source=unknown"}
{"logTime": "1005/163103", "level": "INFO", "message": "Preference changed: name=extensions.settings, new_value=[object], source=unknown"}
{"logTime": "1005/163103", "level": "INFO", "message": "Preference changed: name=extensions.settings, new_value=[object], source=unknown"}
{"logTime": "1005/163103", "level": "INFO", "message": "Preference changed: name=extensions.settings, new_value=[object], source=unknown"}
{"logTime": "1005/163103", "level": "INFO", "message": "Preference changed: name=extensions.settings, new_value=[object], source=unknown"}
{"logTime": "1005/163103", "level": "INFO", "message": "Preference changed: name=extensions.settings, new_value=[object], source=unknown"}
{"logTime": "1005/163103", "level": "INFO", "message": "Preference changed: name=extensions.settings, new_value=[object], source=unknown"}
{"logTime": "1005/163103", "level": "INFO", "message": "Preference changed: name=extensions.settings, new_value=[object], source=unknown"}
{"logTime": "1005/163103", "level": "INFO", "message": "Preference changed: name=extensions.settings, new_value=[object], source=unknown"}
{"logTime": "1005/163103", "level": "INFO", "message": "Preference changed: name=extensions.commands, new_value=[object], source=unknown"}
{"logTime": "1005/163103", "level": "INFO", "message": "Preference changed: name=extensions.settings, new_value=[object], source=unknown"}
{"logTime": "1005/163103", "level": "INFO", "message": "Preference changed: name=extensions.settings, new_value=[object], source=unknown"}
{"logTime": "1005/163103", "level": "INFO", "message": "Preference changed: name=extensions.settings, new_value=[object], source=unknown"}
{"logTime": "1005/163103", "level": "INFO", "message": "Preference changed: name=extensions.settings, new_value=[object], source=unknown"}
{"logTime": "1005/163103", "level": "INFO", "message": "Preference changed: name=extensions.settings, new_value=[object], source=unknown"}
{"logTime": "1005/163103", "level": "INFO", "message": "Preference changed: name=extensions.settings, new_value=[object], source=unknown"}
{"logTime": "1005/163103", "level": "INFO", "message": "Preference changed: name=extensions.settings, new_value=[object], source=unknown"}
{"logTime": "1005/163103", "level": "INFO", "message": "Preference changed: name=extensions.microsoft_install_signature, new_value=[object], source=unknown"}
{"logTime": "1005/163103", "level": "INFO", "message": "Preference changed: name=media.device_id_salt, new_value=\"3B662D58965991C8ACBEF81721E6209B\", source=unknown"}
{"logTime": "1005/163103", "level": "INFO", "message": "Preference changed: name=extensions.settings, new_value=[object], source=unknown"}
{"logTime": "1005/163103", "level": "INFO", "message": "Preference changed: name=web_apps.daily_metrics_date, new_value=\"13435612200000000\", source=unknown"}
{"logTime": "1005/163103", "level": "INFO", "message": "Preference changed: name=web_apps.daily_metrics, new_value=[object], source=unknown"}
{"logTime": "1005/163103", "level": "INFO", "message": "Preference changed: name=web_apps.daily_metrics, new_value=[object], source=unknown"}
{"logTime": "1005/163105", "level": "INFO", "message": "Preference changed: name=profile.content_settings.exceptions.site_engagement, new_value=[object], source=unknown"}
{"logTime": "1005/163105", "level": "INFO", "message": "Preference changed: name=profile.last_engagement_time, new_value=\"13435691465116425\", source=unknown"}
{"logTime": "1005/163105", "level": "INFO", "message": "Preference changed: name=profile.content_settings.exceptions.trackers_data, new_value=[object], source=unknown"}
{"logTime": "1005/163105", "level": "INFO", "message": "Preference changed: name=profile.content_settings.exceptions.trackers_data, new_value=[object], source=unknown"}
{"logTime": "1005/163106", "level": "INFO", "message": "PrefStore write completed: store=4, success=true"}
{"logTime": "1005/163106", "level": "INFO", "message": "Preference changed: name=profile.content_settings.exceptions.trackers_data, new_value=[object], source=unknown"}
{"logTime": "1005/163107", "level": "INFO", "message": "Preference changed: name=language_dwell_time_average, new_value=[object], source=unknown"}
{"logTime": "1005/163107", "level": "INFO", "message": "Preference changed: name=language_usage_count, new_value=[object], source=unknown"}
{"logTime": "1005/163108", "level": "INFO", "message": "Preference changed: name=language_dwell_time_average, new_value=[object], source=unknown"}
{"logTime": "1005/163108", "level": "INFO", "message": "Preference changed: name=language_usage_count, new_value=[object], source=unknown"}
{"logTime": "1005/163108", "level": "INFO", "message": "Preference changed: name=language_model_counters, new_value=[object], source=unknown"}
{"logTime": "1005/163108", "level": "INFO", "message": "Preference changed: name=profile.content_settings.exceptions.site_engagement, new_value=[object], source=unknown"}
{"logTime": "1005/163108", "level": "INFO", "message": "Preference changed: name=profile.last_engagement_time, new_value=\"13435691468757939\", source=unknown"}
{"logTime": "1005/163109", "level": "INFO", "message": "Preference changed: name=profile.content_settings.exceptions.trackers_data, new_value=[object], source=unknown"}
{"logTime": "1005/163109", "level": "INFO", "message": "Preference changed: name=profile.content_settings.exceptions.trackers_data, new_value=[object], source=unknown"}
{"logTime": "1005/163111", "level": "INFO", "message": "Preference changed: name=language_dwell_time_average, new_value=[object], source=unknown"}
{"logTime": "1005/163111", "level": "INFO", "message": "Preference changed: name=language_usage_count, new_value=[object], source=unknown"}
{"logTime": "1005/163111", "level": "INFO", "message": "Preference changed: name=language_model_counters, new_value=[object], source=unknown"}
{"logTime": "1005/163111", "level": "INFO", "message": "Preference changed: name=https_upgrade_navigations, new_value=[object], source=unknown"}
{"logTime": "1005/163111", "level": "INFO", "message": "Preference changed: name=profile.content_settings.exceptions.site_engagement, new_value=[object], source=unknown"}
{"logTime": "1005/163111", "level": "INFO", "message": "Preference changed: name=profile.last_engagement_time, new_value=\"13435691471988857\", source=unknown"}
{"logTime": "1005/163112", "level": "INFO", "message": "Preference changed: name=profile.content_settings.exceptions.trackers_data, new_value=[object], source=unknown"}
{"logTime": "1005/163113", "level": "INFO", "message": "PrefStore write completed: store=4, success=true"}
{"logTime": "1005/163114", "level": "INFO", "message": "Preference changed: name=profile.content_settings.exceptions.trackers_data, new_value=[object], source=unknown"}
{"logTime": "1005/163115", "level": "INFO", "message": "Preference changed: name=language_dwell_time_average, new_value=[object], source=unknown"}
{"logTime": "1005/163115", "level": "INFO", "message": "Preference changed: name=language_usage_count, new_value=[object], source=unknown"}
{"logTime": "1005/163124", "level": "INFO", "message": "PrefStore write completed: store=4, success=true"}
{"logTime": "1005/163141", "level": "INFO", "message": "Preference changed: name=local_browser_data_share.pin_recommendations_eligible, new_value=false, source=unknown"}
{"logTime": "1005/163141", "level": "INFO", "message": "Preference changed: name=local_browser_data_share.index_last_cleaned_time, new_value=\"13435691501661422\", source=unknown"}
{"logTime": "1005/163146", "level": "INFO", "message": "Preference changed: name=extensions.settings, new_value=[object], source=unknown"}
{"logTime": "1005/163146", "level": "INFO", "message": "Preference changed: name=extensions.settings, new_value=[object], source=unknown"}
{"logTime": "1005/163151", "level": "INFO", "message": "PrefStore write completed: store=4, success=true"}
{"logTime": "1005/163156", "level": "INFO", "message": "PrefStore write completed: store=4, success=true"}
{"logTime": "1005/163203", "level": "INFO", "message": "Preference changed: name=profile.content_settings.exceptions.site_engagement, new_value=[object], source=unknown"}
{"logTime": "1005/163203", "level": "INFO", "message": "Preference changed: name=profile.last_engagement_time, new_value=\"13435691523922148\", source=unknown"}
{"logTime": "1005/163206", "level": "INFO", "message": "Preference changed: name=language_dwell_time_average, new_value=[object], source=unknown"}
{"logTime": "1005/163206", "level": "INFO", "message": "Preference changed: name=language_usage_count, new_value=[object], source=unknown"}
{"logTime": "1005/163211", "level": "INFO", "message": "Preference changed: name=in_product_help.session_last_active_time, new_value=\"13435691518527098\", source=unknown"}
{"logTime": "1005/163216", "level": "INFO", "message": "PrefStore write completed: store=4, success=true"}
{"logTime": "1005/163236", "level": "INFO", "message": "Preference changed: name=extensions.settings, new_value=[object], source=unknown"}
{"logTime": "1005/163236", "level": "INFO", "message": "Preference changed: name=extensions.settings, new_value=[object], source=unknown"}
{"logTime": "1005/163241", "level": "INFO", "message": "Preference changed: name=browser.show_hub_app_in_sidebar_buttons_legacy_update_time, new_value=\"13435691561847071\", source=unknown"}
{"logTime": "1005/163241", "level": "INFO", "message": "Preference changed: name=browser.show_hub_app_in_sidebar_buttons_legacy, new_value=[object], source=unknown"}
{"logTime": "1005/163246", "level": "INFO", "message": "PrefStore write completed: store=4, success=true"}
{"logTime": "1005/163251", "level": "INFO", "message": "PrefStore write completed: store=4, success=true"}
{"logTime": "1005/163310", "level": "INFO", "message": "Preference changed: name=extensions.settings, new_value=[object], source=unknown"}
{"logTime": "1005/163311", "level": "INFO", "message": "Preference changed: name=extensions.settings, new_value=[object], source=unknown"}
{"logTime": "1005/163320", "level": "INFO", "message": "PrefStore write completed: store=4, success=true"}
{"logTime": "1005/163341", "level": "INFO", "message": "Preference changed: name=extensions.settings, new_value=[object], source=unknown"}
{"logTime": "1005/163341", "level": "INFO", "message": "Preference changed: name=extensions.settings, new_value=[object], source=unknown"}
{"logTime": "1005/163351", "level": "INFO", "message": "PrefStore write completed: store=4, success=true"}
{"logTime": "1005/163411", "level": "INFO", "message": "Preference changed: name=extensions.settings, new_value=[object], source=unknown"}
{"logTime": "1005/163411", "level": "INFO", "message": "Preference changed: name=extensions.settings, new_value=[object], source=unknown"}
{"logTime": "1005/163421", "level": "INFO", "message": "PrefStore write completed: store=4, success=true"}
